date,meta_close,meta_next_close,y_ret_next,y_dir_next,pred_ret_drift,p_up_drift,pred_ret_ridge,p_up_ridge,pred_ret_hist_gb_reg,p_up_hist_gb_reg,pred_ret_hist_gb_clf,p_up_hist_gb_clf,pred_ret_lstm,p_up_lstm
2025-01-09,2690.800048828125,2715.0,0.008953388070262488,1.0,0.0008936827204719859,,0.0021579411674935364,,0.0049443503273901845,,0.0,0.6623130421894046,0.003497231053188443,0.6104303598403931
2025-01-10,2715.0,2678.60009765625,-0.013497646957070305,0.0,0.0008936827204719859,,0.0015914637726739498,,-0.003963170196896389,,0.0,0.6740847857514157,0.0020458362996578217,0.5859025120735168
2025-01-13,2678.60009765625,2682.300048828125,0.0013803472022434057,1.0,0.0008936827204719859,,0.0026738174653023004,,0.004053932828480701,,0.0,0.7937858323332326,0.003224574262276292,0.6356268525123596
2025-01-14,2682.300048828125,2717.800048828125,0.01314809383923601,1.0,0.0008936827204719859,,0.0018261000569776596,,0.005487941205788101,,0.0,0.787015069747753,0.004161237273365259,0.6344161629676819
2025-01-15,2717.800048828125,2750.89990234375,0.012105347893661389,1.0,0.0008936827204719859,,0.0016657616236798176,,-0.0031673521198205914,,0.0,0.6797372014911672,0.003668115707114339,0.6028046607971191
2025-01-16,2750.89990234375,2748.699951171875,-0.0008000404930592417,0.0,0.0008936827204719859,,0.001825100905646877,,0.00524339302657424,,0.0,0.7346639377279615,0.0018965797498822212,0.5698853135108948
2025-01-17,2748.699951171875,2759.199951171875,0.003812710073105156,1.0,0.0008936827204719859,,0.0015708989236001244,,0.003205514714908012,,0.0,0.7684095987160422,0.0013796690618619323,0.5684763193130493
2025-01-21,2759.199951171875,2770.89990234375,0.004231376987269512,1.0,0.000954517725263718,,0.001433490046421285,,0.001841841996233166,,0.0,0.4587105038892167,0.0012229159474372864,0.5731212496757507
2025-01-22,2770.89990234375,2765.0,-0.0021315069569863717,0.0,0.000954517725263718,,0.0021380696006740043,,-0.0014571151779966085,,0.0,0.49840086422300545,0.0015187826938927174,0.5687476396560669
2025-01-23,2765.0,2778.89990234375,0.0050144958296032055,1.0,0.000954517725263718,,0.0017408605035190456,,0.0041135447375110785,,0.0,0.850316094192548,0.0016653831116855145,0.5585942268371582
2025-01-24,2778.89990234375,2738.39990234375,-0.014681358231854872,0.0,0.000954517725263718,,0.00022506016841986043,,-0.002990902282866223,,0.0,0.8749793746766767,0.0011450679739937186,0.549109697341919
2025-01-27,2738.39990234375,2767.5,0.010570613028608572,1.0,0.000954517725263718,,0.0015215510581815925,,0.0025728191371724913,,0.0,0.5603674947274253,0.000937996490392834,0.5432596802711487
2025-01-28,2767.5,2769.800048828125,0.0008307474545801286,1.0,0.000954517725263718,,0.001058992547094195,,0.004913533215093473,,0.0,0.8187479713369024,0.0007737746927887201,0.5468794107437134
2025-01-29,2769.800048828125,2823.0,0.019025016216117338,1.0,0.000954517725263718,,0.0015593367105575643,,0.0033410557097908137,,0.0,0.8052149054031238,0.001217974815517664,0.5434055328369141
2025-01-30,2823.0,2812.5,-0.0037263817408137866,0.0,0.001008814935784241,,0.001327152493625469,,-0.0020696435533969263,,0.0,0.4556961845584509,0.000539542583283037,0.5317052006721497
2025-01-31,2812.5,2857.10009765625,0.01573339103583762,1.0,0.001008814935784241,,0.0017255800459744736,,-0.00022543254514993894,,0.0,0.5901675991429184,0.0005754405283369124,0.5289793014526367
2025-02-03,2857.10009765625,2875.800048828125,0.006523754824098287,1.0,0.001008814935784241,,0.0006204709771799955,,-0.0007508485380126222,,0.0,0.41429400308809095,0.0006502024480141699,0.5389452576637268
2025-02-04,2875.800048828125,2893.0,0.0059631126035235215,1.0,0.001008814935784241,,0.0012631436960420814,,-0.003577083382374256,,0.0,0.4045309996843453,0.0007448362302966416,0.547534167766571
2025-02-05,2893.0,2876.699951171875,-0.0056502391220490935,0.0,0.001008814935784241,,0.0021676213622054932,,-0.0016633449033536197,,0.0,0.35978947888458174,0.0010107344714924693,0.5578923225402832
2025-02-06,2876.699951171875,2887.60009765625,0.003781954230094454,1.0,0.001008814935784241,,0.0014657492759988244,,-0.006207126590306812,,0.0,0.35141806769417844,0.0011317895259708166,0.5535212159156799
2025-02-07,2887.60009765625,2934.39990234375,0.016077228698163002,1.0,0.001008814935784241,,-0.0007397125584988003,,-0.011735144997904543,,0.0,0.15920725421854526,0.0009117571171373129,0.5495356917381287
2025-02-10,2934.39990234375,2932.60009765625,-0.0006135349391367641,0.0,0.001172150164345033,,-0.0008030759402974679,,-0.0001528492725095382,,0.0,0.4139361401436604,0.00035398142063058913,0.5681655406951904
2025-02-11,2932.60009765625,2928.699951171875,-0.0013308129689664412,0.0,0.001172150164345033,,0.0007353886296666553,,0.004616443340850452,,0.0,0.6202048547886212,0.0006001556175760925,0.5762270092964172
2025-02-12,2928.699951171875,2945.39990234375,0.005685976262307212,1.0,0.001172150164345033,,0.0007264009738865662,,0.003910738271995397,,0.0,0.7448622199300572,0.0004035909951198846,0.5789547562599182
2025-02-13,2945.39990234375,2900.699951171875,-0.015292527812157442,0.0,0.001172150164345033,,-0.00020707162456571766,,0.0014068429518481079,,0.0,0.47569588716252104,8.208843792090192e-05,0.571448028087616
2025-02-14,2900.699951171875,2949.0,0.016514059490886156,1.0,0.001172150164345033,,0.0003611363308896628,,-0.002087849064821851,,0.0,0.3760194661241703,0.00026296154828742146,0.5265668034553528
2025-02-18,2949.0,2936.10009765625,-0.0043839264548606515,0.0,0.001172150164345033,,-0.00033192613985914734,,-0.003908545515750318,,0.0,0.510146777910767,-0.0006987322121858597,0.5263941287994385
2025-02-19,2936.10009765625,2956.10009765625,0.0067886616702978655,1.0,0.001172150164345033,,0.0013433486973650083,,-2.7929822440435162e-05,,0.0,0.6801634544276235,-0.0004111741145607084,0.5239068865776062
2025-02-20,2956.10009765625,2953.199951171875,-0.0009815533796747671,0.0,0.0011755405115497612,,0.0007245258330769982,,0.0018683100373109206,,0.0,0.8167736753347077,-0.0010165604762732983,0.5138495564460754
2025-02-21,2953.199951171875,2963.199951171875,0.0033804373226475437,1.0,0.0011755405115497612,,0.00022617750975766816,,0.0004595859893903721,,0.0,0.6194637319104307,-0.0011205343762412667,0.4969257414340973
2025-02-24,2963.199951171875,2918.800048828125,-0.01509715935338575,0.0,0.0011755405115497612,,-0.0006963223591765497,,-0.000402182081031319,,0.0,0.5500257018209003,-0.0009212160366587341,0.497612863779068
2025-02-25,2918.800048828125,2930.60009765625,0.00403462390657814,1.0,0.0011755405115497612,,0.0009899941084494956,,-0.0020101810210218568,,0.0,0.2876724378712156,9.155707084573805e-05,0.5068277716636658
2025-02-26,2930.60009765625,2895.89990234375,-0.011911303726445225,0.0,0.0011755405115497612,,0.000390272938609844,,4.225188459695822e-05,,0.0,0.45347559163628287,0.000788348785135895,0.5273781418800354
2025-02-27,2895.89990234375,2848.5,-0.016503369879983094,0.0,0.0011755405115497612,,0.0007188306107286433,,-0.002722345785575145,,0.0,0.1567574780160961,0.001960448222234845,0.5262737274169922
2025-02-28,2848.5,2901.10009765625,0.01829746914076016,1.0,0.0011755405115497612,,0.0008250824224020775,,0.004615332878592884,,0.0,0.634592847063698,0.0024895526003092527,0.5124388337135315
2025-03-03,2901.10009765625,2920.60009765625,0.006699098982210747,1.0,0.0011163580795639605,,-0.0014518515109799826,,-0.00351293799907531,,0.0,0.18246973121426738,0.0008717305026948452,0.4826408326625824
2025-03-04,2920.60009765625,2926.0,0.0018471945366484777,1.0,0.0011163580795639605,,0.0012362782194174405,,-0.0006786517370615616,,0.0,0.2791467554892697,0.0014693188713863492,0.5140557289123535
2025-03-05,2926.0,2926.60009765625,0.0002050704467553345,1.0,0.0011163580795639605,,0.0023197187670692225,,0.0038771314394229844,,0.0,0.42989365555669584,0.0012064204784110188,0.5267927646636963
2025-03-06,2926.60009765625,2914.10009765625,-0.004280315258949213,0.0,0.0011163580795639605,,0.0018949620112546585,,0.0008546868576593442,,0.0,0.5917131304260916,0.0011324172373861074,0.5205168128013611
2025-03-07,2914.10009765625,2899.39990234375,-0.005057272432616646,0.0,0.0011163580795639605,,0.001112308549644551,,0.004250468592131113,,0.0,0.6801059146354674,0.0014064981369301677,0.5262017250061035
2025-03-10,2899.39990234375,2920.89990234375,0.007387969181760722,1.0,0.0011163580795639605,,0.0011904510694554595,,0.007621082039267952,,0.0,0.7337988671634527,0.002357104793190956,0.5286747813224792
2025-03-11,2920.89990234375,2946.800048828125,0.008828097861519467,1.0,0.0011163580795639605,,0.0014709764890423094,,0.004965716808884018,,0.0,0.5011660185532906,0.003232911229133606,0.5432683825492859
2025-03-12,2946.800048828125,2991.300048828125,0.01498823944769705,1.0,0.0011871029962821724,,0.0017952009105366771,,0.0038516545434201226,,0.0,0.6935422767317722,0.0020971433259546757,0.5145728588104248
2025-03-13,2991.300048828125,3001.10009765625,0.0032708288250339187,1.0,0.0011871029962821724,,0.0005799046841647846,,-0.002570740667747619,,0.0,0.5009319957869732,0.0010486834216862917,0.5083826184272766
2025-03-14,3001.10009765625,3006.10009765625,0.001664669394083707,1.0,0.0011871029962821724,,0.0007419012768447293,,-0.004380790940775511,,0.0,0.20049726852382463,0.000594537821598351,0.522165060043335
2025-03-17,3006.10009765625,3040.800048828125,0.011477064687342478,1.0,0.0011871029962821724,,0.00033004519507855796,,-0.007300071653672898,,0.0,0.32538140046613884,0.00047990563325583935,0.5330838561058044
2025-03-18,3040.800048828125,3041.199951171875,0.00013150356603958,1.0,0.0011871029962821724,,0.0005509084970840028,,-0.005039790374258602,,0.0,0.356486625423767,0.0008336198516190052,0.5473744869232178
2025-03-19,3041.199951171875,3043.800048828125,0.0008545925437940899,1.0,0.0011871029962821724,,0.0007618204723871451,,-0.001648136069751172,,0.0,0.33674556018586954,0.001047386322170496,0.5504419207572937
2025-03-20,3043.800048828125,3021.39990234375,-0.007386483054429262,0.0,0.0011871029962821724,,-0.00015575099286924658,,-0.0019802647507839175,,0.0,0.5652322428272399,0.0009452186059206724,0.5444605946540833
2025-03-21,3021.39990234375,3015.60009765625,-0.0019214200668664523,0.0,0.0012502162122881584,,-0.0005732252772444381,,0.0008378624284440895,,0.0,0.7692343955751051,-0.0012681244406849146,0.5028573870658875
2025-03-24,3015.60009765625,3025.89990234375,0.0034096878809129934,1.0,0.0012502162122881584,,-0.0005941337797382156,,0.0012482575299931236,,0.0,0.6174011664778023,-0.0016067394753918052,0.4724086821079254
2025-03-25,3025.89990234375,3022.5,-0.0011242321131996183,0.0,0.0012502162122881584,,-0.0003864789097358578,,-0.002398918227836242,,0.0,0.594609619928988,-0.0020265188068151474,0.46141648292541504
2025-03-26,3022.5,3061.0,0.012657356456464864,1.0,0.0012502162122881584,,0.00013389929972559226,,0.0004012001443222563,,0.0,0.6680379833647422,-0.0018616145243868232,0.4583803713321686
2025-03-27,3061.0,3086.5,0.008296102888538149,1.0,0.0012502162122881584,,-0.0017519597656427367,,0.0014359018877506686,,0.0,0.4813096186886639,-0.003158503444865346,0.44206032156944275
2025-03-28,3086.5,3122.800048828125,0.01169228804819296,1.0,0.0012502162122881584,,-0.002243604900717967,,-0.004436586650694847,,0.0,0.3479417831002596,-0.003775533987209201,0.4372182786464691
2025-03-31,3122.800048828125,3146.0,0.007401753736079589,1.0,0.0012502162122881584,,-0.001322171799716611,,0.00044850187932251955,,0.0,0.3360083747657551,-0.00412893807515502,0.4545147120952606
2025-04-01,3146.0,3166.199951171875,0.006400310599773401,1.0,0.0015088733960296403,,-0.00019756491859860553,,0.003369195163400297,,0.0,0.6373977770412046,-0.0008502433192916214,0.559410572052002
2025-04-02,3166.199951171875,3121.699951171875,-0.014154405649851239,0.0,0.0015088733960296403,,-0.00021238914630453308,,-0.004105200587049252,,0.0,0.4403068849868866,-0.00017982175631914288,0.5703282952308655
2025-04-03,3121.699951171875,3035.39990234375,-0.028034530214648867,0.0,0.0015088733960296403,,0.0006278045065876751,,0.0021016793011096736,,0.0,0.6534185441955869,-0.00023945588327478617,0.5442063212394714
2025-04-04,3035.39990234375,2973.60009765625,-0.020569806529369742,0.0,0.0015088733960296403,,0.0005999305028605587,,-0.0038953637547484263,,0.0,0.3095418285132419,-0.0011130092898383737,0.49052488803863525
2025-04-07,2973.60009765625,2990.199951171875,0.005566885626316294,1.0,0.0015088733960296403,,0.0003084376478282344,,0.0017225676388167564,,0.0,0.658661138703442,0.0002606908674351871,0.4737769067287445
2025-04-08,2990.199951171875,3079.39990234375,0.029394482632622496,1.0,0.0015088733960296403,,-0.00024191343414348872,,0.00033887720498693304,,0.0,0.48040368608524925,0.000576022663153708,0.4812140464782715
2025-04-09,3079.39990234375,3177.5,0.03135998298054365,1.0,0.0015088733960296403,,-0.001984158118958006,,-0.003870717329132899,,0.0,0.3988642211382583,-0.0010771065717563033,0.46240702271461487
2025-04-10,3177.5,3244.60009765625,0.020897382010774932,1.0,0.0013813050661910468,,0.0003068045116061571,,-0.003724606714777246,,0.0,0.487864864127501,-0.0007147181313484907,0.5066952109336853
2025-04-11,3244.60009765625,3226.300048828125,-0.005656121158205238,0.0,0.0013813050661910468,,-0.002436507058795062,,-0.008287307811807811,,0.0,0.5379955960820227,-0.000713528657797724,0.5281696319580078
2025-04-14,3226.300048828125,3240.39990234375,0.004360763903059541,1.0,0.0013813050661910468,,-0.002928595719994821,,-0.004954238805668625,,0.0,0.5325859070094638,-0.0006631514988839626,0.5366825461387634
2025-04-15,3240.39990234375,3346.39990234375,0.03218836312627002,1.0,0.0013813050661910468,,-0.0020485314512378922,,-0.0059255748016696485,,0.0,0.5650356215718491,-0.0009435261599719524,0.5512076616287231
2025-04-16,3346.39990234375,3328.39990234375,-0.005393433259532784,0.0,0.0013813050661910468,,-0.002761700852342025,,-0.007255727868959097,,0.0,0.4952548171332229,-0.0012635324383154511,0.5506188273429871
2025-04-17,3328.39990234375,3425.300048828125,0.028697394670475305,1.0,0.0013813050661910468,,-0.0024704853961914786,,-0.008565047677794708,,0.0,0.49800813127688953,-0.0016013974091038108,0.5580688118934631
2025-04-21,3425.300048828125,3419.39990234375,-0.0017240048469120467,0.0,0.0013813050661910468,,-0.002466670739204959,,-0.0070807621820748925,,0.0,0.48174257418554683,-0.0018264619866386056,0.5506596565246582
2025-04-22,3419.39990234375,3294.10009765625,-0.037332049359869744,0.0,0.001520094956890691,,0.0023294633943334547,,0.006910289156212683,,0.0,0.5136915659400242,-0.0021679478231817484,0.5796350836753845
2025-04-23,3294.10009765625,3348.60009765625,0.016409358036080308,1.0,0.001520094956890691,,0.003818165695920883,,0.00902660155926308,,0.0,0.6546390278029549,-0.00136672577355057,0.5714589953422546
2025-04-24,3348.60009765625,3298.39990234375,-0.015104904400217676,0.0,0.001520094956890691,,0.0015056308255547734,,0.008874677016591165,,0.0,0.30395224506799284,-0.0013876358279958367,0.555692732334137
2025-04-25,3298.39990234375,3347.699951171875,0.014836055488659641,1.0,0.001520094956890691,,0.0010693873231699613,,0.007856972421350106,,0.0,0.48095647069385994,-5.90497302255244e-06,0.5488017201423645
2025-04-28,3347.699951171875,3333.60009765625,-0.004220697871416776,0.0,0.001520094956890691,,0.0024136977780844417,,0.00891952242105516,,0.0,0.5043647250738708,0.000324735272442922,0.5381056666374207
2025-04-29,3333.60009765625,3319.10009765625,-0.004359139157081943,0.0,0.001520094956890691,,0.003465297894835162,,0.011467317568730095,,0.0,0.7481580887219954,0.00036279717460274696,0.545498788356781
2025-04-30,3319.10009765625,3222.199951171875,-0.029629350342467217,0.0,0.001520094956890691,,0.0021230121655206858,,0.006021873482023424,,0.0,0.6802459780736755,0.0003044801705982536,0.5416079163551331
2025-05-01,3222.199951171875,3243.300048828125,0.006527004118684789,1.0,0.0013471642420538655,,-0.0005625992789537238,,0.00985658555397473,,0.0,0.7458634399445592,0.001077726949006319,0.5499852299690247
2025-05-02,3243.300048828125,3322.300048828125,0.024065983814928443,1.0,0.0013471642420538655,,-0.0022372748912184628,,0.0028894875207285536,,0.0,0.6514066799606311,0.0013277819380164146,0.551622748374939
2025-05-05,3322.300048828125,3422.800048828125,0.029801614972611017,1.0,0.0013471642420538655,,-0.0018049719942832784,,-0.0021567751180802306,,0.0,0.3262784937186435,0.0010727251647040248,0.5360518097877502
2025-05-06,3422.800048828125,3391.89990234375,-0.009068736255325886,0.0,0.0013471642420538655,,-0.0005490943118495998,,0.0020078539377804917,,0.0,0.36867663533585143,0.00048062638961710036,0.5168958306312561
2025-05-07,3391.89990234375,3306.0,-0.025651208173154392,0.0,0.0013471642420538655,,0.00019821906760600255,,0.008332193148498463,,0.0,0.6653272003072813,-0.00018713802273850888,0.5195652842521667
2025-05-08,3306.0,3344.0,0.01142869582362285,1.0,0.0013471642420538655,,-0.000589296494631088,,0.0009821062586915367,,0.0,0.645387366399001,-0.0004036335740238428,0.5374234318733215
2025-05-09,3344.0,3228.0,-0.03530494481475281,0.0,0.0013471642420538655,,-0.001468606420699826,,-0.003502901517170681,,0.0,0.4003129144569965,-1.979529952222947e-05,0.5424897074699402
2025-05-12,3228.0,3247.800048828125,0.006115108675363073,1.0,0.0014122557240935957,,0.0024188433929680417,,0.011860127331554669,,0.0,0.8606788475646279,0.0008712732815183699,0.5843866467475891
2025-05-13,3247.800048828125,3188.300048828125,-0.018489984381890222,0.0,0.0014122557240935957,,0.002628952881525433,,0.012488485910708618,,0.0,0.8954998820428359,0.0014318511821329594,0.577328622341156
2025-05-14,3188.300048828125,3226.60009765625,0.011941106814722855,1.0,0.0014122557240935957,,0.0032161250274516883,,0.011841248589490152,,0.0,0.9038160691424839,0.0029859726782888174,0.5953308939933777
2025-05-15,3226.60009765625,3187.199951171875,-0.012286208427825511,0.0,0.0014122557240935957,,0.0017872127758787547,,-0.0016375474421847986,,0.0,0.5911880058885891,0.00207005743868649,0.5743841528892517
2025-05-16,3187.199951171875,3233.5,0.01442236881643782,1.0,0.0014122557240935957,,0.0022622156291307077,,0.005311460539976777,,0.0,0.8047903626332319,0.0023418867494910955,0.6035372614860535
2025-05-19,3233.5,3284.60009765625,0.015679766748362793,1.0,0.0014122557240935957,,0.0024342795856462777,,0.011593633955674157,,0.0,0.8678780608792871,0.0026307934895157814,0.5920457243919373
2025-05-20,3284.60009765625,3313.5,0.008760123893271125,1.0,0.0014122557240935957,,0.00314385238241003,,0.013601490244572247,,0.0,0.8949562987799513,0.0025497113820165396,0.5821228623390198
2025-05-21,3313.5,3295.0,-0.005598864591673968,0.0,0.0014246762146462616,,0.0013550949157393058,,-0.0043930994404775174,,0.0,0.5612392032582596,0.0009540214668959379,0.5643967390060425
2025-05-22,3295.0,3365.800048828125,0.021259522849503266,1.0,0.0014246762146462616,,0.00107754963626375,,-0.009205692311298109,,0.0,0.3508526422992854,0.0003757211088668555,0.5803624391555786
2025-05-23,3365.800048828125,3300.39990234375,-0.019622047145139567,0.0,0.0014246762146462616,,-0.0011505114518838534,,-0.012700721822795018,,0.0,0.33290674600570147,-0.0009829672053456306,0.5636777281761169
2025-05-27,3300.39990234375,3294.89990234375,-0.0016678548171698982,0.0,0.0014246762146462616,,0.0012031410359815214,,-0.0031789879576032357,,0.0,0.6298063799353308,0.00027943289023824036,0.6006439328193665
2025-05-28,3294.89990234375,3317.10009765625,0.006715147832913069,1.0,0.0014246762146462616,,0.001309742120438772,,-0.0014295400281781983,,0.0,0.7519564748016078,0.0009999099420383573,0.5965142846107483
2025-05-29,3317.10009765625,3288.89990234375,-0.008537804000789136,0.0,0.0014246762146462616,,-0.00028764358982153284,,0.0012807164271379369,,0.0,0.4184812075722475,0.0005334318266250193,0.5815812945365906
2025-05-30,3288.89990234375,3397.199951171875,0.0323984158768791,1.0,0.0014246762146462616,,-0.00031238102559357357,,-0.0018403306519410106,,0.0,0.4441799654742385,0.0007296258118003607,0.590995728969574
2025-06-02,3397.199951171875,3377.10009765625,-0.005934166586744392,0.0,0.001362941238851206,,-0.0004335742623376808,,-0.002319773208741979,,0.0,0.45401317176075184,-0.00046495746937580407,0.557589054107666
2025-06-03,3377.10009765625,3399.199951171875,0.006522713489948679,1.0,0.001362941238851206,,0.0014029024312111962,,-0.0022714257234857697,,0.0,0.3887727376148435,-0.00035504691186361015,0.5624551177024841
2025-06-04,3399.199951171875,3375.10009765625,-0.0071151130043700965,0.0,0.001362941238851206,,0.0015236028262819328,,-0.0011346805329021104,,0.0,0.30815211347359295,-0.0008140012505464256,0.5610308051109314
2025-06-05,3375.10009765625,3346.60009765625,-0.008480048190430004,0.0,0.001362941238851206,,0.0012781405568546402,,0.006153212372294433,,0.0,0.6178917858480684,-0.0006384211010299623,0.5706748962402344
2025-06-06,3346.60009765625,3354.89990234375,0.0024770003525006606,1.0,0.001362941238851206,,0.0006028616248900647,,0.0031255224240145916,,0.0,0.4637430659863655,-0.0007961800438351929,0.5839510560035706
2025-06-09,3354.89990234375,3343.39990234375,-0.003433710533844027,0.0,0.001362941238851206,,0.001797358505383839,,0.008624669699023452,,0.0,0.8031830166421446,-0.0003029984945897013,0.5979499220848083
2025-06-10,3343.39990234375,3343.699951171875,8.973959859998755e-05,1.0,0.001362941238851206,,0.001709874715450355,,0.003971429391488784,,0.0,0.8158754632033536,0.0004761472810059786,0.5896698832511902
2025-06-11,3343.699951171875,3402.39990234375,0.017403072578792086,1.0,0.0014489838247025053,,0.0002739643949732187,,-0.0046638062984067155,,0.0,0.6512263342344209,0.000828864227514714,0.5598381757736206
2025-06-12,3402.39990234375,3452.800048828125,0.014704473968160667,1.0,0.0014489838247025053,,-0.0011327226639500606,,0.007464659797776246,,0.0,0.5715554646347698,-0.00040132924914360046,0.5326982140541077
2025-06-13,3452.800048828125,3417.300048828125,-0.010334730342931992,0.0,0.0014489838247025053,,-0.00184376228277518,,-0.0027619579650525177,,0.0,0.18765515204941924,-0.0011825974797829986,0.5365591645240784
2025-06-16,3417.300048828125,3406.89990234375,-0.003048021632019277,0.0,0.0014489838247025053,,0.00012086015044477153,,0.004589402128184486,,0.0,0.8288614715741771,-0.0008525110315531492,0.549490749835968
2025-06-17,3406.89990234375,3408.10009765625,0.0003522216654169875,1.0,0.0014489838247025053,,0.00018491541786476242,,-0.0017789992035770845,,0.0,0.6081924200357128,-0.0006017013802193105,0.5571686625480652
2025-06-18,3408.10009765625,3385.699951171875,-0.006594314668028684,0.0,0.0014489838247025053,,0.0001377124239803154,,-0.0007881957882572525,,0.0,0.5811876813918126,-1.2072501704096794e-05,0.552273690700531
2025-06-20,3385.699951171875,3395.0,0.0027430957649417546,1.0,0.0014489838247025053,,0.00024253305226366772,,-0.0001546386950032459,,0.0,0.6352018559821055,0.00017314303840976208,0.5677451491355896
2025-06-23,3395.0,3333.89990234375,-0.018161000424981824,0.0,0.0014119794355316388,,0.0007445197059807625,,0.003918699999190666,,0.0,0.8389506331040291,0.00010980651859426871,0.5619366765022278
2025-06-24,3333.89990234375,3343.10009765625,0.002755788867747501,1.0,0.0014119794355316388,,0.0029189730092905324,,-0.005731971270761474,,0.0,0.5170774839261006,0.0010370610980316997,0.5631003379821777
2025-06-25,3343.10009765625,3348.0,0.0014646031738037408,1.0,0.0014119794355316388,,0.002127800613322431,,-0.00376724928575593,,0.0,0.506611212775487,0.001662501017563045,0.5504154562950134
2025-06-26,3348.0,3287.60009765625,-0.018205307630601745,0.0,0.0014119794355316388,,0.001722111549748879,,-0.002336120840048047,,0.0,0.3866576230597505,0.0017785351956263185,0.5484046339988708
2025-06-27,3287.60009765625,3307.699951171875,0.0060952240521327545,1.0,0.0014119794355316388,,0.0032669956165988475,,0.012909994976864275,,0.0,0.8250061527321328,0.001469053910113871,0.5840330719947815
2025-06-30,3307.699951171875,3349.800048828125,0.012647588089902637,1.0,0.0014119794355316388,,0.0031385752635212007,,0.006127473107788845,,0.0,0.7583587778574048,0.0015584748471155763,0.5915482044219971
2025-07-01,3349.800048828125,3359.699951171875,0.002951012602480181,1.0,0.0014119794355316388,,0.0028634546110655854,,0.0001801764008795262,,0.0,0.5379593914484768,0.0015245546819642186,0.5838389992713928
2025-07-02,3359.699951171875,3342.89990234375,-0.005013005215195885,0.0,0.0013610013403621728,,0.0020508592336724546,,-0.0011364810923889398,,0.0,0.7024627643758996,0.006406500935554504,0.7151961326599121
2025-07-03,3342.89990234375,3346.5,0.0010763590326128834,1.0,0.0013610013403621728,,0.0016943496096570234,,0.0015622945489027521,,0.0,0.7157496336363376,0.005163913127034903,0.7003974914550781
2025-07-04,3346.5,3342.800048828125,-0.0011062298064621076,0.0,0.0013610013403621728,,-0.00014393308064628894,,0.004679521835649999,,0.0,0.8474863972150676,0.0035618378315120935,0.680347204208374
2025-07-07,3342.800048828125,3316.89990234375,-0.007778211407505572,0.0,0.0013610013403621728,,0.0008761023703373869,,0.008237467845172913,,0.0,0.9413289779556842,0.004864476155489683,0.7247465252876282
2025-07-08,3316.89990234375,3321.0,0.0012353600500174169,1.0,0.0013610013403621728,,0.002116004722795592,,0.0016003459628872333,,0.0,0.5881043443824623,0.008820752613246441,0.7826226353645325
2025-07-09,3321.0,3325.699951171875,0.0014142211893828976,1.0,0.0013610013403621728,,0.002107098017569028,,0.0023321305324078044,,0.0,0.8757827789998869,0.010491038672626019,0.7908604145050049
2025-07-10,3325.699951171875,3364.0,0.011450578526709174,1.0,0.0013610013403621728,,0.0013622230344791954,,0.000623855951479808,,0.0,0.861908067528021,0.009234847500920296,0.7646303176879883
2025-07-11,3364.0,3359.10009765625,-0.0014576320864308596,0.0,0.001372082311474886,,0.0012081144355689877,,0.0031713048534659197,,0.0,0.6410693301649715,0.0029085197020322084,0.5998997688293457
2025-07-14,3359.10009765625,3336.699951171875,-0.006690830038818713,0.0,0.001372082311474886,,0.003026820334287145,,0.005574268802688121,,0.0,0.8322248524723302,0.0029754992574453354,0.6425146460533142
2025-07-15,3336.699951171875,3359.10009765625,0.006690830038818678,1.0,0.001372082311474886,,0.0034737370657157416,,0.004529778030922623,,0.0,0.7395284853742337,0.004978895653039217,0.6909680366516113
2025-07-16,3359.10009765625,3345.300048828125,-0.00411671977094435,0.0,0.001372082311474886,,0.003295179062518248,,0.005286017709058533,,0.0,0.7551508399841675,0.005130537319928408,0.6875340342521667
2025-07-17,3345.300048828125,3358.300048828125,0.003878517843275477,1.0,0.001372082311474886,,0.0031008892885659952,,0.0036747662478736893,,0.0,0.5267791080947608,0.004139796365052462,0.6769240498542786
2025-07-18,3358.300048828125,3406.39990234375,0.014221078392013241,1.0,0.001372082311474886,,0.0019537780955867965,,0.0029129832757143316,,0.0,0.3265690743477043,0.0030177682638168335,0.6612710356712341
2025-07-21,3406.39990234375,3443.699951171875,0.010890474089836623,1.0,0.001372082311474886,,0.002223735434011208,,0.009649128268481124,,0.0,0.8715681759090376,0.0023063234984874725,0.6614532470703125
2025-07-22,3443.699951171875,3397.60009765625,-0.01347713181881251,0.0,0.001400966610283153,,0.0012706274192897443,,-0.003110309265160443,,0.0,0.47049730366471687,0.0005471580079756677,0.6228986978530884
2025-07-23,3397.60009765625,3373.5,-0.0071185476742964245,0.0,0.001400966610283153,,0.003014144732930328,,0.007870764155907118,,0.0,0.9050148208642094,0.001197586301714182,0.6359691619873047
2025-07-24,3373.5,3335.60009765625,-0.011298178577683532,0.0,0.001400966610283153,,0.002430252475293405,,0.0010029224489787394,,0.0,0.45055297830062563,0.0016445923829451203,0.6260507106781006
2025-07-25,3335.60009765625,3310.0,-0.00770441311868792,0.0,0.001400966610283153,,0.0027442366260434204,,0.006418704204705317,,0.0,0.5723274019590933,0.0025648896116763353,0.6274874806404114
2025-07-28,3310.0,3324.0,0.004220687604230213,1.0,0.001400966610283153,,0.0030265073569905364,,0.004644695595751283,,0.0,0.44834591286205566,0.003978345077484846,0.6341643333435059
2025-07-29,3324.0,3295.800048828125,-0.008519931583451865,0.0,0.001400966610283153,,0.003291156765285057,,0.0017708641345940393,,0.0,0.6702697749074206,0.005031106527894735,0.6288220882415771
2025-07-30,3295.800048828125,3293.199951171875,-0.0007892237945701002,0.0,0.001400966610283153,,0.004050672111964115,,0.007486849797424562,,0.0,0.847596929168501,0.0058012851513922215,0.6264602541923523
2025-07-31,3293.199951171875,3399.800048828125,0.0318568991094105,1.0,0.0012915416461687498,,0.003457721451907711,,0.00523465446149608,,0.0,0.9043481376388761,0.0031052734702825546,0.5393575429916382
2025-08-01,3399.800048828125,3426.39990234375,0.007793498093309997,1.0,0.0012915416461687498,,0.0023624060972410447,,0.0015473282314386288,,0.0,0.25363794716944205,0.0015333854826167226,0.5426062941551208
2025-08-04,3426.39990234375,3434.699951171875,0.002419452581713986,1.0,0.0012915416461687498,,0.002418713349611488,,-0.004345180350196023,,0.0,0.16306917511848787,0.0008410729933530092,0.5641129612922668
2025-08-05,3434.699951171875,3433.39990234375,-0.0003785759879383521,0.0,0.0012915416461687498,,0.0029926261553033257,,-0.005817523343652921,,0.0,0.21899091641155896,0.0003648280107881874,0.559392511844635
2025-08-06,3433.39990234375,3453.699951171875,0.005895110583368623,1.0,0.0012915416461687498,,0.0013177780967158726,,-0.00488178232289241,,0.0,0.15826838311140656,0.0003977439773734659,0.5521817207336426
2025-08-07,3453.699951171875,3491.300048828125,0.010828067683390978,1.0,0.0012915416461687498,,0.00038066670289272947,,-0.0067635769661677355,,0.0,0.12531321758684102,0.00048647416406311095,0.5539090037345886
2025-08-08,3491.300048828125,3404.699951171875,-0.025117358026758067,0.0,0.0012915416461687498,,-0.0007723182204903192,,-0.009708624158702253,,0.0,0.1734430318658509,0.00028810760704800487,0.5489218831062317
2025-08-11,3404.699951171875,3399.0,-0.0016755449376984748,0.0,0.001388685801041752,,0.0023899081341005176,,0.004780133921426661,,0.0,0.6222465881714992,0.001267029088921845,0.5697439312934875
2025-08-12,3399.0,3408.300048828125,0.002732376874092824,1.0,0.001388685801041752,,0.0020899571074879044,,0.0068623331581660185,,0.0,0.7281096206829579,0.002443034201860428,0.5812038779258728
2025-08-13,3408.300048828125,3383.199951171875,-0.007391654844456962,0.0,0.001388685801041752,,0.0019429254345641636,,0.0021167851526177586,,0.0,0.5520016775246915,0.003059810260310769,0.5811080932617188
2025-08-14,3383.199951171875,3382.60009765625,-0.00017731931563673257,0.0,0.001388685801041752,,0.002678055214864787,,-0.005942840722044643,,0.0,0.36432377121961385,0.002296946942806244,0.5828225016593933
2025-08-15,3382.60009765625,3378.0,-0.0013608550423696423,0.0,0.001388685801041752,,0.003194991477403174,,0.0008334139077151434,,0.0,0.4308689981519561,0.0017526866868138313,0.5957286357879639
2025-08-18,3378.0,3358.699951171875,-0.005729838577164113,0.0,0.001388685801041752,,0.002274593150745515,,-0.0012124686752980958,,0.0,0.4455856701929081,0.0026105791330337524,0.6216264963150024
2025-08-19,3358.699951171875,3388.5,0.008833365785586416,1.0,0.001388685801041752,,0.0038024819366931817,,0.0011525142297878672,,0.0,0.6363401090472567,0.004063539206981659,0.6551646590232849
2025-08-20,3388.5,3381.60009765625,-0.0020383464448766497,0.0,0.0012941508152225162,,0.0026991915681876854,,0.0057213745898608845,,0.0,0.5446991684197773,0.002848035655915737,0.5934045910835266
2025-08-21,3381.60009765625,3418.5,0.01085285922255761,1.0,0.0012941508152225162,,0.0022017104111488437,,0.0038163638779545412,,0.0,0.535169549797068,0.002745061181485653,0.5934339165687561
2025-08-22,3418.5,3417.5,-0.00029256875574397255,0.0,0.0012941508152225162,,0.0019368751408263376,,0.0009619048937572867,,0.0,0.8123868285479762,0.0021313163451850414,0.5824729800224304
2025-08-25,3417.5,3433.0,0.00452522485958744,1.0,0.0012941508152225162,,0.0014413214003220379,,-0.0038302371880932305,,0.0,0.6757597119540559,0.0023905939888209105,0.5743435025215149
2025-08-26,3433.0,3448.60009765625,0.004533865425989448,1.0,0.0012941508152225162,,0.0019774785028770967,,0.003040967509646666,,0.0,0.6065160460975766,0.00263959844596684,0.56402188539505
2025-08-27,3448.60009765625,3474.300048828125,0.007424654028850121,1.0,0.0012941508152225162,,0.0012997117593539827,,-0.0006138470765897835,,0.0,0.7667370758444013,0.0026957604568451643,0.5634713172912598
2025-08-28,3474.300048828125,3516.10009765625,0.011959414672805504,1.0,0.0012941508152225162,,0.00024633156032470853,,-0.005843195422452109,,0.0,0.5422031321269197,0.0024388874880969524,0.5561785101890564
2025-08-29,3516.10009765625,3592.199951171875,0.021412365981205005,1.0,0.0013049024467431537,,0.0003158944091380992,,-0.009197680864731514,,0.0,0.23292653987128212,0.0020191441290080547,0.5695664882659912
2025-09-02,3592.199951171875,3635.5,0.011981838523569367,1.0,0.0013049024467431537,,-0.00012303261878875537,,0.0006924773254138387,,0.0,0.6172660789279754,0.0012551982654258609,0.5679461359977722
2025-09-03,3635.5,3606.699951171875,-0.007953439794451702,0.0,0.0013049024467431537,,-0.0008596736881872004,,0.004006357453212788,,0.0,0.7242975520571606,0.0011553190415725112,0.5633903741836548
2025-09-04,3606.699951171875,3653.300048828125,0.012837668774505576,1.0,0.0013049024467431537,,-0.00016677127118664133,,0.0016399934273082148,,0.0,0.6932637924149089,0.0013139793882146478,0.5526098608970642
2025-09-05,3653.300048828125,3677.39990234375,0.006575072093788713,1.0,0.0013049024467431537,,-0.0014528529102598993,,-0.0012103427794122623,,0.0,0.37656109029228324,0.000875501602422446,0.5384040474891663
2025-09-08,3677.39990234375,3682.199951171875,0.001304432198567463,1.0,0.0013049024467431537,,-0.0004304729050201763,,-0.0008419551258824955,,0.0,0.7909224949493453,0.0005924211000092328,0.5356077551841736
2025-09-09,3682.199951171875,3682.0,-5.430356949830863e-05,0.0,0.0013049024467431537,,0.00021079257161626865,,0.004273793765064167,,0.0,0.7136902135938553,0.00022028072271496058,0.5399754047393799
2025-09-10,3682.0,3673.60009765625,-0.002283948524574761,0.0,0.0014077887422404524,,0.0002790381299614303,,0.003150117469563665,,0.0,0.848791869337096,0.0009742751717567444,0.5300162434577942
2025-09-11,3673.60009765625,3686.39990234375,0.003478211302115392,1.0,0.0014077887422404524,,-0.00033967022939288693,,0.005180867274962889,,0.0,0.9300403751869234,0.0013391864486038685,0.5164313316345215
2025-09-12,3686.39990234375,3719.0,0.008804469354506315,1.0,0.0014077887422404524,,-0.0006711758622771672,,-0.0015246120242407581,,0.0,0.7211268458850632,0.0018649966223165393,0.5135398507118225
2025-09-15,3719.0,3725.10009765625,0.0016389083815749595,1.0,0.0014077887422404524,,-0.0005710637141071758,,-0.004852157413572255,,0.0,0.3499449696758522,0.001666393713094294,0.5231857299804688
2025-09-16,3725.10009765625,3717.800048828125,-0.0019616146999941143,0.0,0.0014077887422404524,,8.070493144505622e-05,,0.0003782346741641686,,0.0,0.42957188927504125,0.0013106375699862838,0.5347227454185486
2025-09-17,3717.800048828125,3678.300048828125,-0.010681406425555337,0.0,0.0014077887422404524,,-0.0001912135181527405,,-0.003247044810251175,,0.0,0.665919261245428,0.000754582928493619,0.5258629322052002
2025-09-18,3678.300048828125,3705.800048828125,0.007448470843354675,1.0,0.0014077887422404524,,0.0001875770416292982,,-0.003931504597412003,,0.0,0.11184753690187348,0.0007843064959160984,0.5094277262687683
2025-09-19,3705.800048828125,3775.10009765625,0.01852772524256409,1.0,0.001306300963205433,,-6.1005934690977194e-05,,-0.0030961125094524536,,0.0,0.5213835619066222,0.0014737201854586601,0.502776563167572
2025-09-22,3775.10009765625,3815.699951171875,0.010697223061897887,1.0,0.001306300963205433,,-0.00046000992400781193,,0.0031307514548862283,,0.0,0.607008451057068,0.0009361670818179846,0.5023747086524963
2025-09-23,3815.699951171875,3768.10009765625,-0.012553199790111593,0.0,0.001306300963205433,,-0.0005217597678422407,,-0.0021032172432621653,,0.0,0.360588397948091,0.00035417103208601475,0.5108866095542908
2025-09-24,3768.10009765625,3771.10009765625,0.0007958404288577125,1.0,0.001306300963205433,,0.000593036527846978,,0.002790000408678536,,0.0,0.5273209996519032,3.826578540611081e-05,0.5049546360969543
2025-09-25,3771.10009765625,3809.0,0.009999925510945777,1.0,0.001306300963205433,,-0.00034501407271292974,,-0.0031374985227763923,,0.0,0.4965195634536152,5.9975911426590756e-05,0.49510765075683594
2025-09-26,3809.0,3855.199951171875,0.012056186181995571,1.0,0.001306300963205433,,-0.0007481547195803575,,-0.005948042043517646,,0.0,0.4813872618379359,0.00018606548837851733,0.48843851685523987
2025-09-29,3855.199951171875,3873.199951171875,0.004658152470113703,1.0,0.001306300963205433,,-0.00044211406689621775,,-0.0036274686248805275,,0.0,0.338093577244394,2.876731196010951e-05,0.4921085834503174
2025-09-30,3873.199951171875,3897.5,0.006254295801218062,1.0,0.0013203227523921203,,-0.00024409825142899315,,0.0004923348587931217,,0.0,0.5933916052139977,-0.0005832584574818611,0.49997448921203613
2025-10-01,3897.5,3868.10009765625,-0.007571866292281061,0.0,0.0013203227523921203,,-0.001646347390938093,,-0.007753065501719156,,0.0,0.5007765956844162,-0.0011721416376531124,0.5107476711273193
2025-10-02,3868.10009765625,3908.89990234375,0.010492523852748951,1.0,0.0013203227523921203,,-0.0011580899808366503,,-0.0004903861293188911,,0.0,0.5910354919206993,-0.0008198344148695469,0.4977497160434723
2025-10-03,3908.89990234375,3976.300048828125,0.01709577143373889,1.0,0.0013203227523921203,,-0.0009756927183054607,,-0.001165101497120216,,0.0,0.5882823924155954,-0.0008558679255656898,0.4962674081325531
2025-10-06,3976.300048828125,4004.39990234375,0.007041981231953469,1.0,0.0013203227523921203,,-0.0009411666912905345,,-5.419400498730899e-05,,0.0,0.4436122130337502,-0.0011207967763766646,0.5040350556373596
2025-10-07,4004.39990234375,4070.5,0.016372109855940637,1.0,0.0013203227523921203,,-0.0012591103588448452,,-0.0012537768341282626,,0.0,0.3211809238657523,-0.0014926595613360405,0.5174817442893982
2025-10-08,4070.5,3972.60009765625,-0.024345025272725074,0.0,0.0013203227523921203,,-0.002685309702813041,,-0.002905945336934168,,0.0,0.340027121804542,-0.0019770050421357155,0.5140604376792908
2025-10-09,3972.60009765625,4000.39990234375,0.006973514949432017,1.0,0.0014202847254915815,,-0.00041952457383970774,,0.0029638824948446563,,0.0,0.6369996860301044,-0.00043740830733440816,0.48107051849365234
2025-10-10,4000.39990234375,4133.0,0.032609203820993034,1.0,0.0014202847254915815,,0.00012306020596513425,,0.0024479098019910823,,0.0,0.5268923827439108,-0.00040988074033521116,0.46224793791770935
2025-10-13,4133.0,4163.39990234375,0.007328489165936037,1.0,0.0014202847254915815,,-0.0006946953616713728,,0.001604002343105475,,0.0,0.4041928870656706,-0.0005345414392650127,0.46733713150024414
2025-10-14,4163.39990234375,4201.60009765625,0.009133403673442007,1.0,0.0014202847254915815,,-0.0012561476957032487,,-0.0034208456974853655,,0.0,0.37251230371475025,-0.0002744685916695744,0.48168087005615234
2025-10-15,4201.60009765625,4304.60009765625,0.024218812665454535,1.0,0.0014202847254915815,,-0.0016596641461557838,,-0.0043965991933705255,,0.0,0.2782933110445996,-0.0007550067384727299,0.48418354988098145
2025-10-16,4304.60009765625,4213.2998046875,-0.02143809876370929,0.0,0.0014202847254915815,,-0.0046612097647469024,,-0.0029018853207301424,,0.0,0.3137639033507843,-0.001569176441989839,0.48127853870391846
2025-10-17,4213.2998046875,4359.39990234375,0.034088268540251064,1.0,0.0014202847254915815,,-0.001991454695509824,,0.0023797914153450123,,0.0,0.5387172651786362,-0.000339794292813167,0.48290061950683594
2025-10-20,4359.39990234375,4109.10009765625,-0.05913036061837281,0.0,0.001716491464727336,,0.0004496536549661387,,0.00280153335705956,,0.0,0.28283569324436586,-0.0009674052125774324,0.4748365879058838
2025-10-21,4109.10009765625,4065.39990234375,-0.010691935071186633,0.0,0.001716491464727336,,0.005565320364830561,,0.0008703841293427117,,0.0,0.6745530302231064,0.00023697444703429937,0.5394980907440186
2025-10-22,4065.39990234375,4145.60009765625,0.019535439260900275,1.0,0.001716491464727336,,0.0046063837796696165,,-0.009346545762973408,,0.0,0.696967282710751,0.0004356510180514306,0.5269372463226318
2025-10-23,4145.60009765625,4137.7998046875,-0.0018833559568211852,0.0,0.001716491464727336,,0.0029390487512786436,,-0.00540358517276636,,0.0,0.5146580743620611,0.00022292649373412132,0.4849279820919037
2025-10-24,4137.7998046875,4019.699951171875,-0.02895693759216049,0.0,0.001716491464727336,,0.004043989459513618,,-0.0041927041132070585,,0.0,0.45011383448004105,0.0005229967064224184,0.4922608435153961
2025-10-27,4019.699951171875,3983.10009765625,-0.009146825727850414,0.0,0.001716491464727336,,0.006335997238743352,,0.0019485618117055857,,0.0,0.6918960355138781,0.0017933864146471024,0.5185887217521667
2025-10-28,3983.10009765625,4000.699951171875,0.004408898498803126,1.0,0.001716491464727336,,0.0027685032393345147,,-1.131044691029259e-05,,0.0,0.6453880275040685,0.0027411412447690964,0.5464953780174255
2025-10-29,4000.699951171875,4015.89990234375,0.003792123759319021,1.0,0.0014064032910258318,,0.0009171805822185211,,0.0030887212021861797,,0.0,0.6415886034162318,0.002748969243839383,0.5433114171028137
2025-10-30,4015.89990234375,3996.5,-0.004842479279663863,0.0,0.0014064032910258318,,0.0010108570619911336,,-0.0003001244211776063,,0.0,0.5009536168375551,0.0022471824195235968,0.5434463620185852
2025-10-31,3996.5,4014.0,0.0043692722902096805,1.0,0.0014064032910258318,,0.0013750807151760689,,0.001965821381303925,,0.0,0.8073890673484265,0.0023471934255212545,0.5550711154937744
2025-11-03,4014.0,3960.5,-0.013417970451949117,0.0,0.0014064032910258318,,0.0015049566640550698,,0.007087983388793656,,0.0,0.7923245553971384,0.002401254139840603,0.5442636609077454
2025-11-04,3960.5,3992.89990234375,0.008147479561113499,1.0,0.0014064032910258318,,0.00042185082041408967,,0.009279442763129031,,0.0,0.9295927077969294,0.003494755132123828,0.5306015610694885
2025-11-05,3992.89990234375,3991.0,-0.00047593341671400114,0.0,0.0014064032910258318,,-0.0010108099554843575,,0.005815429938080239,,0.0,0.9469036391439184,0.003369698068127036,0.5294843316078186
2025-11-06,3991.0,4009.800048828125,0.004699550873542623,1.0,0.0014064032910258318,,-0.000242380736129592,,0.0069458170924115254,,0.0,0.8893872020603724,0.002914995886385441,0.542130172252655
2025-11-07,4009.800048828125,4122.0,0.027597105528127795,1.0,0.001354531870536165,,-0.0008042501699069966,,0.0022424076597276008,,0.0,0.3890530333042024,0.002565881470218301,0.545404851436615
2025-11-10,4122.0,4116.2998046875,-0.0013838283037244535,0.0,0.001354531870536165,,-0.0027168666163112747,,-0.01335653118753796,,0.0,0.061076864299752634,0.0015330896712839603,0.5279048085212708
2025-11-11,4116.2998046875,4213.60009765625,0.023362758198939928,1.0,0.001354531870536165,,-0.0027434101585569605,,-0.01191739638977747,,0.0,0.11273563666501851,0.0009431978687644005,0.5216250419616699
2025-11-12,4213.60009765625,4194.5,-0.004543269059270653,0.0,0.001354531870536165,,-0.0048317026308507096,,-0.018099748304573067,,0.0,0.044740012371616476,8.114460069919005e-05,0.5250169038772583
2025-11-13,4194.5,4094.199951171875,-0.02420281720599833,0.0,0.001354531870536165,,-0.002821696024341189,,-0.008049672660920198,,0.0,0.1789032096316524,-0.0003556069277692586,0.5356965065002441
2025-11-14,4094.199951171875,4074.5,-0.004823286320076406,0.0,0.001354531870536165,,-0.00037728807779979594,,-0.004435720620938796,,0.0,0.3411297047227541,2.4532395400456153e-05,0.5438897609710693
2025-11-17,4074.5,4066.5,-0.0019653611534445575,0.0,0.001354531870536165,,0.00040433807878977973,,-0.005177754090454474,,0.0,0.4415594613692865,0.0005874646012671292,0.5444777607917786
2025-11-18,4066.5,4082.800048828125,0.00400036088198349,1.0,0.0015118674539546712,,0.0004110074597497044,,0.0020725912782930908,,0.0,0.49305032207063565,0.0012035482795909047,0.537783682346344
2025-11-19,4082.800048828125,4060.0,-0.005600065893035144,0.0,0.0015118674539546712,,-0.00023796377575895596,,0.0019649569327241582,,0.0,0.15308030508320003,0.0013797272695228457,0.5231512188911438
2025-11-20,4060.0,4079.5,0.004791458273076578,1.0,0.0015118674539546712,,0.00048839272556426,,0.005043642486306104,,0.0,0.42650061538790174,0.0013896976597607136,0.5309657454490662
2025-11-21,4079.5,4094.199951171875,0.0035968942114961056,1.0,0.0015118674539546712,,-9.109739846388516e-05,,-0.0012147545642522894,,0.0,0.4197973077380326,0.0009086618083529174,0.5347474217414856
2025-11-24,4094.199951171875,4140.0,0.011124461739009155,1.0,0.0015118674539546712,,0.0005997976715225506,,0.0022994081425529805,,0.0,0.5326586744658521,0.000814460392575711,0.5348368287086487
2025-11-25,4140.0,4165.2001953125,0.006068552727885582,1.0,0.0015118674539546712,,-0.00018173368508153304,,0.003264864607175287,,0.0,0.6393832840419519,0.00044207306928001344,0.5195537209510803
2025-11-26,4165.2001953125,4254.89990234375,0.021306896469946157,1.0,0.0015118674539546712,,9.763473977427547e-06,,0.0006556227972611639,,0.0,0.40316374051539106,7.719497807556763e-05,0.5051880478858948
2025-11-28,4254.89990234375,4274.7998046875,0.004666034944276695,1.0,0.0016315850021026716,,-0.0007274098131726625,,-0.008730566342299899,,0.0,0.18971361341634574,-0.0011503646383062005,0.5071648955345154
2025-12-01,4274.7998046875,4220.7998046875,-0.012712634712284829,0.0,0.0016315850021026716,,-0.001053190463135246,,-0.013992740605311374,,0.0,0.43167167270942275,-0.0010738827986642718,0.5144890546798706
2025-12-02,4220.7998046875,4232.5,0.002768197758106589,1.0,0.0016315850021026716,,2.2361226470034032e-05,,0.001463750913847197,,0.0,0.5111671990738741,-0.0008388256537728012,0.5103552937507629
2025-12-03,4232.5,4243.0,0.0024777311950344304,1.0,0.0016315850021026716,,-0.0007908696557117264,,-0.0011242175096513934,,0.0,0.41454392469943036,-0.00020639544527512044,0.5003955960273743
2025-12-05,4243.0,4217.7001953125,-0.0059805641405327285,0.0,0.0016315850021026716,,-0.000606268801827557,,-0.00489049506529118,,0.0,0.4624991228429637,-7.803832886565942e-06,0.49883005023002625
2025-12-08,4217.7001953125,4236.2001953125,0.0043766850036946565,1.0,0.0016315850021026716,,0.000244575776371265,,0.00025574310341833207,,0.0,0.647860856255762,0.0004752896202262491,0.5108582377433777
2025-12-09,4236.2001953125,4224.7001953125,-0.0027183884813195454,0.0,0.0016315850021026716,,4.53026582923642e-05,,-0.0008260734953217026,,0.0,0.6095469839527327,0.0008848963771015406,0.5178387761116028
2025-12-10,4224.7001953125,4313.0,0.02068541906367583,1.0,0.0016066588169738848,,0.0003852792860763499,,-3.350747062776236e-05,,0.0,0.539281817411333,0.0010290301870554686,0.5169211030006409
2025-12-11,4313.0,4328.2998046875,0.003541092433026351,1.0,0.0016066588169738848,,-0.0003159169021913937,,0.004591969485797104,,0.0,0.6458506659644061,0.00019436462025623769,0.5015196204185486
2025-12-12,4328.2998046875,4335.2001953125,0.0015929802237420196,1.0,0.0016066588169738848,,0.00021117076791635445,,0.0006602170154615354,,0.0,0.5666390121445345,0.00011382161756046116,0.49652814865112305
2025-12-15,4335.2001953125,4332.2998046875,-0.0006692565868493225,0.0,0.0016066588169738848,,0.00034938829724135963,,0.0003170722007791138,,0.0,0.49058220203019165,-0.00025791244115680456,0.4960518777370453
2025-12-16,4332.2998046875,4373.89990234375,0.009556503562019045,1.0,0.0016066588169738848,,0.00018162523978087393,,-0.0010586031559138434,,0.0,0.5833012773822646,-0.00044536232599057257,0.5006232857704163
2025-12-17,4373.89990234375,4364.5,-0.0021514021043768814,0.0,0.0016066588169738848,,-0.00038707618274372806,,-0.0015929854463348587,,0.0,0.7566257586801236,-0.0008029842865653336,0.49405765533447266
2025-12-18,4364.5,4387.2998046875,0.005210323996448743,1.0,0.0016066588169738848,,-0.00021914180073912307,,-0.0006130249786177494,,0.0,0.5111558226148119,0.00016138343198690563,0.4807133674621582
2025-12-19,4387.2998046875,4469.39990234375,0.018540190388463378,1.0,0.0017075421225762508,,5.53688761408533e-05,,0.0019493494903908219,,0.0,0.7946394175804832,-0.00044348850497044623,0.48678043484687805
2025-12-22,4469.39990234375,4505.7001953125,0.00808915566719769,1.0,0.0017075421225762508,,-0.0009401123771365352,,0.001671652081737625,,0.0,0.4522341285520754,-0.001305801677517593,0.4849727153778076
2025-12-23,4505.7001953125,4502.7998046875,-0.0006439231226546872,0.0,0.0017075421225762508,,-0.0011127796599368844,,-0.010472816663924502,,0.0,0.33756214497273607,-0.0019360963487997651,0.48534560203552246
2025-12-24,4502.7998046875,4552.7001953125,0.011021124337837926,1.0,0.0017075421225762508,,-0.0008667629915959245,,0.00046748679590085307,,0.0,0.30722246852875496,-0.0016912412829697132,0.48196324706077576
2025-12-26,4552.7001953125,4343.60009765625,-0.04701698661716152,0.0,0.0017075421225762508,,-0.0010268391458763378,,0.0002881236271551252,,0.0,0.42643502326588345,-0.0009309176821261644,0.4728264808654785
2025-12-29,4343.60009765625,4386.2998046875,0.009782482738117076,1.0,0.0017075421225762508,,0.002515424480727577,,-0.0022928786679813954,,0.0,0.7974549796344221,0.0007066000835038722,0.5281569361686707
2025-12-30,4386.2998046875,4341.10009765625,-0.01035820786686775,0.0,0.0017075421225762508,,0.0016007459130567502,,-0.008473903316498377,,0.0,0.42406923876008334,0.00029561237897723913,0.5366368889808655
2025-12-31,4341.10009765625,4329.60009765625,-0.002652613164826404,0.0,0.0015779078505535414,,0.0019656756310220116,,-0.0027645411708182677,,0.0,0.651716018569686,0.002152634784579277,0.5397849082946777
2026-01-02,4329.60009765625,4451.5,0.027765936481767103,1.0,0.0015779078505535414,,0.0029520247374195366,,-0.0012138909422814786,,0.0,0.5541104290469379,0.0016050483100116253,0.5481330752372742
2026-01-05,4451.5,4496.10009765625,0.009969258025547125,1.0,0.0015779078505535414,,0.0007413462209477182,,0.00015956065030119389,,0.0,0.23242278394154242,7.667047611903399e-05,0.523643970489502
2026-01-06,4496.10009765625,4462.5,-0.0075012289513783775,0.0,0.0015779078505535414,,-0.0003268347351683674,,-0.002548231614675924,,0.0,0.1597832012211685,-0.0008077333332039416,0.5179970860481262
2026-01-07,4462.5,4460.7001953125,-0.00040339893143997464,0.0,0.0015779078505535414,,0.0011117622282918562,,0.006683753042232678,,0.0,0.7233780214672174,-0.0010437926976010203,0.5091758370399475
2026-01-08,4460.7001953125,4500.89990234375,0.008971606907573183,1.0,0.0015779078505535414,,0.0011224165401768514,,-8.629913298777975e-05,,0.0,0.5180285030711514,-0.0011049291351810098,0.5000980496406555
2026-01-09,4500.89990234375,4614.7001953125,0.024969547666848495,1.0,0.0015779078505535414,,0.0004782229411639949,,-0.00185541709698063,,0.0,0.41372394555348985,-0.001242773956619203,0.5015209913253784
2026-01-12,4614.7001953125,4599.10009765625,-0.0033862493362126138,0.0,0.0017605654796184575,,0.0001897188674645701,,-0.002648773618636438,,0.0,0.19246461801898246,-0.0008996078395284712,0.5086473226547241
2026-01-13,4599.10009765625,4635.7001953125,0.007926601145667499,1.0,0.0017605654796184575,,-0.00047485987508320805,,-0.0018361129425499346,,0.0,0.3171842698521513,-0.0008812352898530662,0.5082561373710632
2026-01-14,4635.7001953125,4623.7001953125,-0.002591961943975512,0.0,0.0017605654796184575,,-0.0012109578706599338,,-0.0032824489630589445,,0.0,0.1600241544815024,-0.0006950842216610909,0.5084850192070007
2026-01-15,4623.7001953125,4595.39990234375,-0.006139510703623363,0.0,0.0017605654796184575,,-0.0005289837015440643,,0.001261863779757118,,0.0,0.6268966976979319,0.0001420037733623758,0.5053960084915161
2026-01-16,4595.39990234375,4765.7998046875,0.03640959099230665,1.0,0.0017605654796184575,,-0.00016258351677988676,,-0.002000336034974771,,0.0,0.6252535177351278,0.0007032047142274678,0.5043981671333313
2026-01-20,4765.7998046875,4837.5,0.014932685452998438,1.0,0.0017605654796184575,,-0.0025669293722676394,,-0.0023916785540589497,,0.0,0.25260629377015265,0.00011232402175664902,0.5055364370346069
2026-01-21,4837.5,4913.39990234375,0.015568088290666629,1.0,0.0017605654796184575,,-0.002465491005077245,,-0.014352485815198998,,0.0,0.09563262289514964,-0.00010146435670321807,0.5163082480430603
2026-01-22,4913.39990234375,4979.7001953125,0.0134035408333191,1.0,0.001850000940457001,,-0.001382259058928069,,-0.005725247291366166,,0.0,0.24243958393442128,0.0009131426340900362,0.5151491165161133
2026-01-23,4979.7001953125,5082.5,0.02043357904047868,1.0,0.001850000940457001,,-0.002468531432783119,,-0.011537422932732746,,0.0,0.29036342560656575,0.0011247273068875074,0.5079836249351501
2026-01-26,5082.5,5082.60009765625,1.9694376895771874e-05,1.0,0.001850000940457001,,-0.004263860781549077,,-0.014252864184159844,,0.0,0.21937562585411094,0.0016955678584054112,0.5093992352485657
2026-01-27,5082.60009765625,5303.60009765625,0.04256289277436651,1.0,0.001850000940457001,,-0.003265203850955663,,-0.01257114905141315,,0.0,0.1974962543753242,0.002567063085734844,0.5249263644218445
2026-01-28,5303.60009765625,5318.39990234375,0.0027866342053497763,1.0,0.001850000940457001,,-0.005442025704793827,,-0.0044331022889916236,,0.0,0.3663979792152011,0.0009823291329666972,0.5103872418403625
2026-01-29,5318.39990234375,4745.10009765625,-0.11405996064112038,0.0,0.001850000940457001,,-0.004079648443353057,,-0.00366736206154257,,0.0,0.3271630417724436,0.0015429798513650894,0.5080640912055969
2026-01-30,4745.10009765625,4652.60009765625,-0.019686303122442145,0.0,0.001850000940457001,,0.003856443921779666,,-0.003340361606533498,,0.0,0.4482074150491932,0.00300702266395092,0.5472571849822998
2026-02-02,4652.60009765625,4935.0,0.058926448772030716,1.0,0.0016750741807734612,,-0.0012938932683591847,,-0.007050991600133697,,0.0,0.16799530436975502,0.0011549193877726793,0.5480210185050964
2026-02-03,4935.0,4950.7998046875,0.003196467347589788,1.0,0.0016750741807734612,,-0.0030315601383575875,,-0.008005109218415364,,0.0,0.11829443636711334,0.0007453428697772324,0.5210516452789307
2026-02-04,4950.7998046875,4889.5,-0.01245909146284185,0.0,0.0016750741807734612,,-0.002512841827047675,,-0.015467755539904841,,0.0,0.08038124253066682,-0.00025192779139615595,0.49967947602272034
2026-02-05,4889.5,4979.7998046875,0.018299641596384978,1.0,0.0016750741807734612,,-0.0013956516868284857,,-0.00640512920426513,,0.0,0.5504514242620617,-0.0008487441227771342,0.49517759680747986
2026-02-06,4979.7998046875,5079.39990234375,0.019803434786086996,1.0,0.0016750741807734612,,-0.0017713948065091415,,-0.01228621501194553,,0.0,0.313427642270834,-0.00038355900323949754,0.512006402015686
2026-02-09,5079.39990234375,5031.0,-0.009574353643483177,0.0,0.0016750741807734612,,-0.002442513035316441,,-0.01562579241546586,,0.0,0.2510767088070362,0.00010304277384420857,0.5045969486236572
2026-02-10,5031.0,5098.5,0.013327607312961768,1.0,0.0016750741807734612,,-0.0008930406104325163,,0.01351813183923055,,0.0,0.7165088384632857,-0.00034776204847730696,0.5018504858016968
2026-02-11,5098.5,4948.39990234375,-0.029882106550518355,0.0,0.0018786279392168541,,0.000829423388067938,,0.006278221039626678,,0.0,0.5959767213856143,-6.181327626109123e-05,0.5049495100975037
2026-02-12,4948.39990234375,5046.2998046875,0.019590990507983467,1.0,0.0018786279392168541,,0.002434999137791351,,-0.0013639619042512359,,0.0,0.5348007883632877,6.88302461639978e-05,0.5244360566139221
2026-02-13,5046.2998046875,4905.89990234375,-0.02821672026116965,0.0,0.0018786279392168541,,0.0013994745767362186,,0.008755817995175098,,0.0,0.6919093390688323,-0.0012996192090213299,0.5085318088531494
2026-02-17,4905.89990234375,5009.5,0.020897567198741928,1.0,0.0018786279392168541,,0.0025591815369342334,,-0.005129844531769344,,0.0,0.5414249986753253,-0.0006675698678009212,0.5079131126403809
2026-02-18,5009.5,4997.39990234375,-0.0024183520713796174,0.0,0.0018786279392168541,,0.0020278811509063764,,0.0014488175493488577,,0.0,0.6273139241842258,-0.0006017012055963278,0.5012786984443665
2026-02-19,4997.39990234375,5080.89990234375,0.016570634386725833,1.0,0.0018786279392168541,,0.0016327992729467237,,-0.00751920810633188,,0.0,0.47045760122564256,-0.0003388114273548126,0.5051330327987671
2026-02-20,5080.89990234375,5225.60009765625,0.02808125044952713,1.0,0.0018786279392168541,,0.0015763341096470805,,-0.006539844553331499,,0.0,0.3039218054686198,-0.0007932351436465979,0.5129849910736084
2026-02-23,5225.60009765625,5176.2998046875,-0.009479164880599267,0.0,0.001967574446673107,,0.001266097931178013,,-0.0023868077484292985,,0.0,0.33572973723220034,-2.0240122466930188e-05,0.5186688303947449
2026-02-24,5176.2998046875,5226.2001953125,0.009593996324003868,1.0,0.001967574446673107,,0.0008267298311496395,,-0.006392409214394314,,0.0,0.7112455233614012,5.778328704764135e-05,0.5303539037704468
2026-02-25,5226.2001953125,5194.2001953125,-0.006141817855776584,0.0,0.001967574446673107,,-4.468714199129705e-05,,-0.0044355913874890756,,0.0,0.31361145917815236,2.5971482955355896e-06,0.5358328819274902
2026-02-26,5194.2001953125,5247.89990234375,0.010285321903876413,1.0,0.001967574446673107,,0.0019081086879075993,,0.009679660461458113,,0.0,0.5766938385364689,-9.323392987425905e-06,0.5345227718353271
2026-02-27,5247.89990234375,5311.60009765625,0.01206514854594433,1.0,0.001967574446673107,,0.002024583996558509,,0.0068660215315048375,,0.0,0.39049623529168875,-6.977259181439877e-05,0.5363526940345764
2026-03-02,5311.60009765625,5123.7001953125,-0.03601625408895964,0.0,0.001967574446673107,,-0.0008064169798380072,,-0.00710340244197686,,0.0,0.35748621353174,-0.00013337664131540805,0.5343074798583984
2026-03-03,5123.7001953125,5134.7001953125,0.0021445846910061257,1.0,0.001967574446673107,,0.0011319176829478047,,0.013063971808931332,,0.0,0.6386723086613335,0.0003731754550244659,0.5293534398078918
2026-03-04,5134.7001953125,5078.7001953125,-0.01096609533518948,0.0,0.0019035021475042068,,0.0011524734165821542,,-0.003928017573852891,,0.0,0.3379705502483058,0.0011073518544435501,0.5155522227287292
2026-03-05,5078.7001953125,5158.7001953125,0.015629285841707433,1.0,0.0019035021475042068,,0.002714235803915007,,0.012352411958155713,,0.0,0.7350520612978246,0.0015729921869933605,0.5100961327552795
2026-03-06,5158.7001953125,5103.7001953125,-0.010718842473702186,0.0,0.0019035021475042068,,0.00149133005927544,,0.0007157784041837624,,0.0,0.3637129493763601,0.0007606971194036305,0.5122823119163513
2026-03-09,5103.7001953125,5242.10009765625,0.026756394882401557,1.0,0.0019035021475042068,,0.0036287441144645374,,0.014118195260668914,,0.0,0.7675924769033637,0.0013051779242232442,0.5241115689277649
2026-03-10,5242.10009765625,5179.10009765625,-0.012090885178727579,0.0,0.0019035021475042068,,0.000635151980650253,,0.011667467862857538,,0.0,0.49877135246275545,0.0004601618566084653,0.5284605622291565
2026-03-11,5179.10009765625,5125.7998046875,-0.010344742558357102,0.0,0.0019035021475042068,,0.0010466867893311885,,0.006964096748168287,,0.0,0.664227735920529,0.00043913465924561024,0.5237125754356384
2026-03-12,5125.7998046875,5061.7001953125,-0.012584138459255777,0.0,0.0019035021475042068,,0.002118330791835769,,0.00961943973358223,,0.0,0.6537250255469829,-0.00046785164158791304,0.5224549174308777
2026-03-13,5061.7001953125,5002.2001953125,-0.011824579132621192,0.0,0.0017546386541730723,,0.0029158820657862426,,0.003998578172508254,,0.0,0.7990696991370554,-0.00027060345746576786,0.5339785218238831
2026-03-16,5002.2001953125,5008.2001953125,0.0011987533933456099,1.0,0.0017546386541730723,,0.004971807249116307,,0.006272639235031141,,0.0,0.8633077810621002,0.00018276383343618363,0.5523450374603271
2026-03-17,5008.2001953125,4896.2001953125,-0.022617174161619544,0.0,0.0017546386541730723,,0.0024363735361116437,,0.01082489992106109,,0.0,0.8768136542330175,0.001556798699311912,0.5551723837852478
2026-03-18,4896.2001953125,4605.7001953125,-0.06116472469150908,0.0,0.0017546386541730723,,0.0037751534954867613,,0.008092457121168552,,0.0,0.7817223686356236,0.0029351015109568834,0.5531702637672424
2026-03-19,4605.7001953125,4574.89990234375,-0.006709890029017639,0.0,0.0017546386541730723,,0.010178553554976303,,0.006727522293699405,,0.0,0.7165558433792902,0.0032256145495921373,0.6052554249763489
2026-03-20,4574.89990234375,4407.2998046875,-0.03732260647233202,0.0,0.0017546386541730723,,0.012236502116737196,,0.0059346470786071385,,0.0,0.6456105181625973,0.003919236361980438,0.6357462406158447
2026-03-23,4407.2998046875,4402.0,-0.0012032296424023367,0.0,0.0017546386541730723,,0.0161478951347143,,0.006782537895687044,,0.0,0.7339040102066431,0.003817259566858411,0.665694534778595
2026-03-24,4402.0,4552.2998046875,0.033573573740637866,1.0,0.0013267713931571687,,0.005245570568669298,,-0.011540309976241907,,0.0,0.16168693622149186,0.002655891701579094,0.6600807905197144
2026-03-25,4552.2998046875,4376.2998046875,-0.0394289829459794,0.0,0.0013267713931571687,,0.004024003453277096,,-0.004715315118551636,,0.0,0.25801594077060064,0.0017972433706745505,0.6164813041687012
2026-03-26,4376.2998046875,4492.5,0.026205765776648658,1.0,0.0013267713931571687,,0.004553939080351925,,-0.007505797269844238,,0.0,0.26481910842291917,0.0003276965580880642,0.6311796307563782
2026-03-27,4492.5,4526.0,0.007429207535768564,1.0,0.0013267713931571687,,0.00514958153925912,,-0.003905712468282002,,0.0,0.5530912700917574,-0.0004479986091610044,0.6197980046272278
2026-03-30,4526.0,4647.60009765625,0.026512431127413087,1.0,0.0013267713931571687,,0.004262341827835057,,-0.002978597702631379,,0.0,0.7671301411624825,-0.00026553295901976526,0.6233550906181335
2026-03-31,4647.60009765625,4813.10009765625,0.03499040911817492,1.0,0.0013267713931571687,,0.0015224020147914929,,-0.009942738139346805,,0.0,0.3848201134418697,-0.0006744504789821804,0.5778351426124573
2026-04-01,4813.10009765625,4679.7001953125,-0.02810734041002322,0.0,0.0013267713931571687,,-0.0006124802678263747,,-0.00710123587432572,,0.0,0.367622121378247,-0.0011838660575449467,0.5488789081573486
2026-04-02,4679.7001953125,4684.7001953125,0.0010678741332234593,1.0,0.001546809871696052,,0.0019838905151252175,,-0.002706197906701666,,0.0,0.7197106845855822,-0.002163561061024666,0.5772183537483215
2026-04-07,4684.7001953125,4777.2001953125,0.01955272051630473,1.0,0.001546809871696052,,0.0016501375521714822,,0.008358646308603114,,0.0,0.8932470114102236,4.7720346628921106e-05,0.5463781952857971
2026-04-08,4777.2001953125,4818.0,0.00850426249624097,1.0,0.001546809871696052,,-0.0009861272239887985,,-0.001955663641005267,,0.0,0.6146032013921727,0.0013601677492260933,0.5291492938995361
2026-04-09,4818.0,4787.39990234375,-0.006371458031125033,0.0,0.001546809871696052,,-0.0006732745409371259,,-0.004715543927649614,,0.0,0.43242258547805323,0.0011938269017264247,0.533412754535675
2026-04-10,4787.39990234375,4767.39990234375,-0.004186383727236395,0.0,0.001546809871696052,,0.0008104611278526327,,0.0077868171161185,,0.0,0.8391912590235665,0.0011474258499220014,0.5517557263374329
2026-04-13,4767.39990234375,4850.10009765625,0.017198280994109087,1.0,0.001546809871696052,,0.002653099840228481,,0.012199447279940831,,0.0,0.9086180943991538,0.0018237251788377762,0.5494220852851868
2026-04-14,4850.10009765625,4823.60009765625,-0.005478785935615379,0.0,0.001546809871696052,,0.00030479048531914727,,0.012716162826570208,,0.0,0.5940281353710559,0.0025906977243721485,0.536102831363678
2026-04-15,4823.60009765625,4808.2998046875,-0.0031770068196661392,0.0,0.0015283000501793475,,0.0003047477808420199,,0.00156896972211596,,0.0,0.42282641500662693,0.0019277759129181504,0.5488182306289673
2026-04-16,4808.2998046875,4879.60009765625,0.014719718632466553,1.0,0.0015283000501793475,,0.0016239142089929846,,0.0037729743433111717,,0.0,0.6267391592132183,0.001303069177083671,0.5622828602790833
2026-04-17,4879.60009765625,4828.7998046875,-0.010465320161640049,0.0,0.0015283000501793475,,0.0006501688124125295,,-0.010904773781101029,,0.0,0.2612862941278187,0.0003665061667561531,0.5671440958976746
2026-04-20,4828.7998046875,4719.60009765625,-0.02287387820870831,0.0,0.0015283000501793475,,0.00287838823283235,,-0.0030523969047201753,,0.0,0.28580572091043716,-0.00047087398706935346,0.5815828442573547
2026-04-21,4719.60009765625,4753.0,0.0070519266966085035,1.0,0.0015283000501793475,,0.0018150206749945798,,-0.006173755203030922,,0.0,0.6837488685461719,-0.0006354977376759052,0.586797297000885
2026-04-22,4753.0,4724.0,-0.0061200992967565026,0.0,0.0015283000501793475,,-0.0007955362133815372,,-0.010464542937974762,,0.0,0.11590983362312872,0.0002752381842583418,0.5675857067108154
2026-04-23,4724.0,4740.89990234375,0.003571072167241396,1.0,0.0015283000501793475,,0.0007343790695834933,,-0.007961613070439544,,0.0,0.16417988580557877,-0.00021573879348579794,0.5682500600814819
2026-04-24,4740.89990234375,4693.7001953125,-0.010005744880541992,0.0,0.0014196908699100124,,0.00019446282137503034,,-0.0043123456712469655,,0.0,0.25772681029629724,-0.0007596874493174255,0.5526083111763
2026-04-27,4693.7001953125,4608.39990234375,-0.01834052163097715,0.0,0.0014196908699100124,,0.0023392124290730638,,-0.0010613323108058623,,0.0,0.651877601534215,-0.0014720488106831908,0.5496928095817566
2026-04-28,4608.39990234375,4561.5,-0.010229187187446151,0.0,0.0014196908699100124,,0.002396150139584859,,0.006376268589521604,,0.0,0.9300515289681438,-0.0006604676018469036,0.5427293181419373
2026-04-29,4561.5,4629.60009765625,0.014818975567984847,1.0,0.0014196908699100124,,0.0006081497955294341,,0.0019216001388273674,,0.0,0.6566575627729883,0.0012310771271586418,0.5410921573638916
2026-04-30,4629.60009765625,4644.5,0.0032132314740617807,1.0,0.0014196908699100124,,0.0017235069973032956,,-0.00037943311687749123,,0.0,0.6734536071012227,0.0013605434214696288,0.5484139919281006
2026-05-01,4644.5,4533.2998046875,-0.02423361582370876,0.0,0.0014196908699100124,,0.0026329593899604865,,0.0023672206357173158,,0.0,0.7510640736817552,0.0008701522019691765,0.5601016879081726
2026-05-04,4533.2998046875,4568.5,0.007734815434808399,1.0,0.0014196908699100124,,0.005037543127505056,,0.00963455067139526,,0.0,0.8680309333932861,0.0008526470046490431,0.5719321966171265
2026-05-05,4568.5,4694.2998046875,0.027164041699962806,1.0,0.001423907452985026,,0.0023175033397653194,,0.01141410480654895,,0.0,0.8951559369802737,0.0017665508203208447,0.5613347887992859
2026-05-06,4694.2998046875,4710.89990234375,0.0035299866905294515,1.0,0.001423907452985026,,0.0004974372202840593,,0.002918218881363073,,0.0,0.5012720595535198,0.0013433569110929966,0.5416337847709656
2026-05-07,4710.89990234375,4730.7001953125,0.004194272536655741,1.0,0.001423907452985026,,-0.0004149406911200954,,0.0016243740843422084,,0.0,0.2852991586244979,0.0003893099201377481,0.5496492981910706
2026-05-08,4730.7001953125,4728.7001953125,-0.0004228597896720747,0.0,0.001423907452985026,,0.000891282920616229,,0.004545436098516768,,0.0,0.23254831631974868,8.222926408052444e-05,0.5621053576469421
2026-05-11,4728.7001953125,4686.7001953125,-0.008921612855586278,0.0,0.001423907452985026,,0.002266561642762228,,0.0044403834155084055,,0.0,0.550990530136289,-0.00012182964564999565,0.5598343014717102
2026-05-12,4686.7001953125,4706.7001953125,0.0042583152831499735,1.0,0.001423907452985026,,0.002526326164114827,,0.004692517765665286,,0.0,0.852562113699057,0.0005350941210053861,0.55825275182724
2026-05-13,4706.7001953125,4685.2998046875,-0.004557160915975845,0.0,0.001423907452985026,,-0.0003751464019105945,,-0.00019293864848013407,,0.0,0.3842346508614671,0.0012339792447164655,0.5433825850486755
2026-05-14,4685.2998046875,4561.89990234375,-0.026690724101016,0.0,0.0015587156415183493,,4.826208294253585e-05,,0.002560351148520508,,0.0,0.7977811794898457,0.0019593772012740374,0.5462074875831604
2026-05-15,4561.89990234375,4558.0,-0.0008552511810934655,0.0,0.0015587156415183493,,0.004152290370415623,,-0.00027598397688764867,,0.0,0.839225095905437,0.002053846837952733,0.563476026058197
2026-05-18,4558.0,4511.2001953125,-0.010320694017636823,0.0,0.0015587156415183493,,0.005062356296255561,,0.00623519521409077,,0.0,0.7314446573770883,0.0022929394617676735,0.5632848143577576
2026-05-19,4511.2001953125,4535.2998046875,0.005327953658274186,1.0,0.0015587156415183493,,0.005234484885681687,,0.010567944804669471,,0.0,0.6909654233504892,0.0032209951896220446,0.5705432891845703
2026-05-20,4535.2998046875,4542.5,0.0015863308240594716,1.0,0.0015587156415183493,,0.0030011729148520174,,0.0002988293560155686,,0.0,0.6935480647811513,0.0029932160396128893,0.5687863826751709
2026-05-21,4542.5,4523.2001953125,-0.00425777015084119,0.0,0.0015587156415183493,,0.0024233430138631508,,0.0010203420790466707,,0.0,0.9082106071438615,0.0023976536467671394,0.5671591758728027
2026-05-22,4523.2001953125,4502.2998046875,-0.004631417203363537,0.0,0.0015587156415183493,,0.004102825905865607,,-0.003784615421475201,,0.0,0.7856875978156693,0.0018366319127380848,0.5722678303718567
2026-05-26,4502.2998046875,4448.39990234375,-0.012043874924552741,0.0,0.0014226191020905738,,0.0035723277337992233,,0.0011657286586008086,,0.0,0.8301615368443704,0.0018338427180424333,0.5503973960876465
2026-05-27,4448.39990234375,4499.2998046875,0.011377326701735371,1.0,0.0014226191020905738,,0.0013298773340337596,,-0.005849074216371462,,0.0,0.6570268998336475,0.002424695761874318,0.5475348234176636
2026-05-28,4499.2998046875,4593.0,0.020611619632489354,1.0,0.0014226191020905738,,0.00013894764738691152,,0.001032593942787988,,0.0,0.5532767625829913,0.0027744316030293703,0.5494959354400635
2026-05-29,4593.0,4506.2998046875,-0.019057030995774785,0.0,0.0014226191020905738,,0.0010428052739879874,,0.004881463265073697,,0.0,0.6770321994319682,0.002281571738421917,0.5455881953239441
2026-06-01,4506.2998046875,4519.89990234375,0.0030134737518727112,1.0,0.0014226191020905738,,0.003757461938356226,,0.009561465281294134,,0.0,0.804364285515682,0.002423322992399335,0.5365884304046631
2026-06-02,4519.89990234375,4466.89990234375,-0.011795214231624811,0.0,0.0014226191020905738,,0.0023243815724956875,,0.011752975293163704,,0.0,0.8656131882415717,0.0024270720314234495,0.5238780379295349
2026-06-03,4466.89990234375,4505.0,0.008493257192171784,1.0,0.0014226191020905738,,0.0016937497142469806,,0.00038329706152821666,,0.0,0.7287542176257937,0.0028318956028670073,0.5335562229156494
2026-06-04,4505.0,4365.2998046875,-0.03150102035015332,0.0,0.001361670575769008,,0.0010205497382686486,,0.0009753755070891126,,0.0,0.744109704386347,0.0026883541140705347,0.5390409827232361
2026-06-05,4365.2998046875,4363.39990234375,-0.00043532311513096416,0.0,0.001361670575769008,,0.0045521721011463215,,0.0006534117687288761,,0.0,0.565879006685926,0.002365648979321122,0.5553622841835022
2026-06-08,4363.39990234375,4286.39990234375,-0.017804350569623165,0.0,0.001361670575769008,,0.005570787375668597,,0.007561203285360772,,0.0,0.6193422523202139,0.002957660472020507,0.5663523077964783
2026-06-09,4286.39990234375,4133.2998046875,-0.036371124884566265,0.0,0.001361670575769008,,0.006153371433709616,,0.010861619178966246,,0.0,0.700005505442699,0.0035553283523768187,0.5776848196983337
2026-06-10,4133.2998046875,4114.0,-0.004680280910062282,0.0,0.001361670575769008,,0.007025574636591118,,0.0030527184294285178,,0.0,0.6493740302168742,0.003955771680921316,0.5976472496986389
2026-06-11,4114.0,4238.7998046875,0.02988437301046769,1.0,0.001361670575769008,,0.005978139692995757,,0.00609463681795575,,0.0,0.6378581321206492,0.0044373925775289536,0.605158269405365
2026-06-12,4238.7998046875,4351.60009765625,0.026263451765015426,1.0,0.001361670575769008,,0.006441758096628464,,-0.0032113182899017483,,0.0,0.49409481947908923,0.003921205177903175,0.6085883378982544
2026-06-15,4351.60009765625,4354.39990234375,0.0006431897045765433,1.0,0.0013802380733752386,,0.005262287316959753,,0.0013660650055209002,,0.0,0.6547075679091847,0.0028792780358344316,0.5552743077278137
2026-06-16,4354.39990234375,4381.39990234375,0.006181480019613532,1.0,0.0013802380733752386,,0.004902420538727371,,0.0057216852241977175,,0.0,0.6934025939461816,0.0017672531539574265,0.5429012179374695
2026-06-17,4381.39990234375,4245.89990234375,-0.03141449730480256,0.0,0.0013802380733752386,,0.003215911337195754,,-0.010831313544841048,,0.0,0.4818850303372269,0.0011143049923703074,0.5206311345100403
2026-06-18,4245.89990234375,4202.7001953125,-0.010226566064495585,0.0,0.0013802380733752386,,0.006041544526263733,,0.009969016267801467,,0.0,0.6781539343263225,0.0015389261534437537,0.5270841717720032
2026-06-22,4202.7001953125,4149.39990234375,-0.012763500419267708,0.0,0.0013802380733752386,,0.0074172093018114935,,0.001920299155145176,,0.0,0.6457560218187658,0.002627270994707942,0.549348771572113
2026-06-23,4149.39990234375,4008.800048828125,-0.03447176509826013,0.0,0.0013802380733752386,,0.006919147676678233,,0.012414024293443968,,0.0,0.633173644758374,0.0038830337580293417,0.5664212703704834
2026-06-24,4008.800048828125,4047.60009765625,0.009632180156806893,1.0,0.0013802380733752386,,0.007706697189266811,,0.0027106635331207206,,0.0,0.3145104100940857,0.004694147501140833,0.5732567310333252
2026-06-25,4047.60009765625,4096.2998046875,0.01195994256198446,1.0,0.0011474844076497963,,0.00447738521346091,,-0.003621543858371485,,0.0,0.460235787451149,0.005111555103212595,0.5648085474967957
2026-06-26,4096.2998046875,4038.89990234375,-0.01411172607016486,0.0,0.0011474844076497963,,0.00531792438613288,,-0.004726583036210381,,0.0,0.4151987871533407,0.004479664843529463,0.5659360289573669
2026-06-29,4038.89990234375,4038.5,-9.901759202502146e-05,0.0,0.0011474844076497963,,0.007103373540819901,,-0.007804414060517673,,0.0,0.40722484862428426,0.00417209742590785,0.5779555439949036
2026-06-30,4038.5,4082.39990234375,0.010811690946126428,1.0,0.0011474844076497963,,0.006603886414784906,,-0.00012996709807920238,,0.0,0.4748252334912038,0.004484756849706173,0.5743531584739685
2026-07-01,4082.39990234375,4125.7001953125,0.010550722853549186,1.0,0.0011474844076497963,,0.00501311403178835,,-0.0035427768322124366,,0.0,0.3009346765992587,0.004779152572154999,0.5612020492553711
2026-07-02,4125.7001953125,4167.5,0.010080585942922573,1.0,0.0011474844076497963,,0.004394575200421422,,-0.002403016353071099,,0.0,0.4798363533295208,0.004481494892388582,0.5568341612815857
2026-07-06,4167.5,4157.39990234375,-0.002426480253299979,0.0,0.0011474844076497963,,0.004515225225173147,,-0.005752186099635415,,0.0,0.33170355404755786,0.004776201210916042,0.5476815700531006
2026-07-07,4157.39990234375,4082.39990234375,-0.01820482854317175,0.0,0.0011335939740235695,,0.00171804236376244,,-0.0033679631199456947,,0.0,0.629353592258927,0.004526728764176369,0.510622501373291
2026-07-08,4082.39990234375,4140.7998046875,0.014203931870230524,1.0,0.0011335939740235695,,0.002046409320066661,,0.0002868877699781649,,0.0,0.33916868534209127,0.004942257422953844,0.5190067291259766
2026-07-09,4140.7998046875,4113.7001953125,-0.00656604439685363,0.0,0.0011335939740235695,,0.0005849486868540387,,-0.008524764370310772,,0.0,0.24025228518233382,0.005350206512957811,0.5219979286193848
2026-07-10,4113.7001953125,4005.699951171875,-0.026604579738470423,0.0,0.0011335939740235695,,0.0015316526930335107,,0.0018835445056741224,,0.0,0.7759567394740833,0.005311958491802216,0.5299704670906067
2026-07-13,4005.699951171875,4069.699951171875,0.015850940084858954,1.0,0.0011335939740235695,,0.0035909663350361925,,-0.002248004586814945,,0.0,0.5029062878312124,0.005306245293468237,0.533525824546814
2026-07-14,4069.699951171875,4051.800048828125,-0.004408035788420516,0.0,0.0011335939740235695,,0.002353052303450847,,-0.0026854317688575777,,0.0,0.6085621049996248,0.005138212814927101,0.5275385975837708
2026-07-15,4051.800048828125,3992.10009765625,-0.014843806179640429,0.0,0.0011335939740235695,,0.002463995106706392,,-0.006015966752297859,,0.0,0.46654196786770125,0.004698947072029114,0.5380342602729797
2026-07-16,3992.10009765625,4018.800048828125,0.006665930057903775,1.0,0.0010014857524460556,,0.0023686619783834903,,0.0010341527432975472,,0.0,0.4784985605933471,0.003702419577166438,0.5414642691612244
2026-07-17,4018.800048828125,4015.89990234375,-0.0007219053923481778,0.0,0.0010014857524460556,,0.0033894112241031654,,0.005019821717867217,,0.0,0.6979147590731184,0.0039789858274161816,0.5424250960350037
2026-07-20,4015.89990234375,4076.39990234375,0.014952764652307306,1.0,0.0010014857524460556,,0.0031276657206816935,,7.812519421751649e-05,,0.0,0.44721194641801204,0.004408621229231358,0.5445323586463928
2026-07-21,4076.39990234375,4151.89990234375,0.01835181525835857,1.0,0.0010014857524460556,,0.0010333657732405903,,-0.0029979817180026047,,0.0,0.5996938981569493,0.0042100404389202595,0.5255188345909119
2026-07-22,4151.89990234375,4050.199951171875,-0.02479978671478728,0.0,0.0010014857524460556,,-0.0015137056856836424,,-0.008116677755109295,,0.0,0.15915233171193893,0.003608696162700653,0.5165050625801086
2026-07-23,4050.199951171875,4070.800048828125,0.005073301770884964,1.0,0.0010014857524460556,,-7.39728054238401e-05,,-0.0014837042877912769,,0.0,0.521182645785468,0.00326627679169178,0.5232304930686951
2026-07-24,4070.800048828125,4077.0,0.0015218715067524344,1.0,0.0010014857524460556,,0.0006593521191983384,,-0.00562426378103033,,0.0,0.3105364121060816,0.00370233878493309,0.5225234031677246
2026-07-27,4077.0,4038.699951171875,-0.009438577915329392,0.0,0.0009450292677673247,,0.0005440158550098408,,-0.004977393359460474,,0.0,0.5417240374992968,0.0037404170725494623,0.508175253868103
2026-07-28,4038.699951171875,4036.300048828125,-0.00059440307477652,0.0,0.0009450292677673247,,0.0003971458456371734,,0.00035422728514296326,,0.0,0.7185147802197275,0.003720536595210433,0.5054445266723633
2026-07-29,4036.300048828125,4100.10009765625,0.01568294462773327,1.0,0.0009450292677673247,,-0.0013932089476773977,,0.00011564195403366344,,0.0,0.5787546785105517,0.00348717556335032,0.5018417239189148
2026-07-30,4100.10009765625,4107.0,0.001681447499677798,1.0,0.0009450292677673247,,-0.0016931514148002846,,-0.0026334800771991504,,0.0,0.23733468141259978,0.0028824619948863983,0.5057311058044434
2026-07-31,4107.0,4090.5,-0.004025623002805644,0.0,0.0009450292677673247,,0.00014174425620685086,,-0.001989346427913914,,0.0,0.3898767767143504,0.003045440651476383,0.5136058330535889
2026-08-03,4090.5,4152.60009765625,0.01506745563901258,1.0,0.0009450292677673247,,0.0006161829370861524,,-0.0023539529795867805,,0.0,0.5499766141175376,0.0033598418813198805,0.5081734657287598
2026-08-04,4152.60009765625,4305.2001953125,0.03608897216402639,1.0,0.0009450292677673247,,-0.000745418391340358,,0.0005667534821921939,,0.0,0.6835512537927332,0.002896238351240754,0.5071415305137634
2026-08-05,4305.2001953125,4299.60009765625,-0.0013016219450149402,0.0,0.0010486066750585669,,-0.0019746749521177935,,-0.015734568535869076,,0.0,0.31549585238221733,0.001294362242333591,0.5062090754508972
2026-08-06,4299.60009765625,4399.7001953125,0.023014383344138307,1.0,0.0010486066750585669,,-0.002252366727403042,,-0.008580999280829704,,0.0,0.6797248623670595,0.0017794700106605887,0.5165415406227112
2026-08-07,4399.7001953125,4419.7001953125,0.0045354635005110805,1.0,0.0010486066750585669,,-0.0022873907888336965,,-0.009113154908128626,,0.0,0.3794103206641923,0.0016018141759559512,0.528344988822937
2026-08-10,4419.7001953125,4441.10009765625,0.004830250822389399,1.0,0.0010486066750585669,,-0.002821598408661775,,-0.008954986425326944,,0.0,0.39727269247141955,0.0011427357094362378,0.54358971118927
2026-08-11,4441.10009765625,4467.5,0.005926852554767298,1.0,0.0010486066750585669,,-0.003597923346836324,,-0.0011657079633167577,,0.0,0.5466969170035267,0.0009140619658865035,0.546288013458252
2026-08-12,4467.5,4420.39990234375,-0.010598800411131155,0.0,0.0010486066750585669,,-0.004199679687444427,,-0.011389655472706593,,0.0,0.5053344364651619,0.0014979452826082706,0.5465824007987976
2026-08-13,4420.39990234375,4437.2998046875,0.0038158717069127763,1.0,0.0010486066750585669,,-0.003276234642506332,,-0.00797059607963074,,0.0,0.5835843831744644,0.0025951231364160776,0.5368722081184387
2026-08-14,4437.2998046875,4473.7001953125,0.008169811040117807,1.0,0.0012143931490655206,,-0.0015467430311902864,,0.0008604103703558851,,0.0,0.5558596865565891,0.004177117254585028,0.5504135489463806
2026-08-17,4473.7001953125,4420.60009765625,-0.01194039481296564,0.0,0.0012143931490655206,,-0.0012044422060469785,,-0.006049077307193961,,0.0,0.5946657942806637,0.004296372178941965,0.5543267130851746
2026-08-18,4420.60009765625,4545.2998046875,0.027818233507170564,1.0,0.0012143931490655206,,-0.000666920802169578,,0.007587637951915539,,0.0,0.7128123004683372,0.004553745035082102,0.5582655072212219
2026-08-19,4545.2998046875,4571.39990234375,0.005725793280893032,1.0,0.0012143931490655206,,-0.0018125538451575422,,0.0013209976235054456,,0.0,0.69853305576116,0.0035717226564884186,0.5486686825752258
2026-08-20,4571.39990234375,4680.60009765625,0.023606845341786878,1.0,0.0012143931490655206,,-0.002555714725457638,,-0.015617581107196722,,0.0,0.5672769741942518,0.003985542804002762,0.5526508688926697
2026-08-21,4680.60009765625,4697.7998046875,0.0036679447440550925,1.0,0.0012143931490655206,,-0.0019485014780195472,,-0.014245933390966053,,0.0,0.6023064924909292,0.003824352053925395,0.5561903715133667
2026-08-24,4697.7998046875,4694.5,-0.0007026617318202684,0.0,0.0012143931490655206,,-0.0015794946055815325,,-0.013086088104441115,,0.0,0.52090092919291,0.003508942201733589,0.5625016093254089
2026-08-25,4694.5,4653.2998046875,-0.008815007372689115,0.0,0.0012999996059769395,,-0.0011938309028312428,,-0.01123335963900532,,0.0,0.8017441173858455,0.004365310538560152,0.5706987977027893
2026-08-26,4653.2998046875,4664.0,0.002296845704415356,1.0,0.0012999996059769395,,-0.0014628557508726621,,-0.004835485122836291,,0.0,0.6880369892748406,0.00454736826941371,0.5667821764945984
2026-08-27,4664.0,4529.89990234375,-0.0291736064102411,0.0,0.0012999996059769395,,-0.0014488023245923666,,-0.005766597434787951,,0.0,0.4740561383062907,0.004769544117152691,0.5613402724266052
2026-08-28,4529.89990234375,4481.5,-0.010742030822670839,0.0,0.0012999996059769395,,0.00048770075731322134,,0.0031504204322662377,,0.0,0.592298160669604,0.005821453873068094,0.5468833446502686
2026-08-31,4481.5,4396.39990234375,-0.019171809815447714,0.0,0.0012999996059769395,,0.0012828235545184505,,0.000989520722501452,,0.0,0.4212544560258863,0.005269736051559448,0.5381847023963928
2026-09-01,4396.39990234375,4414.60009765625,0.004131249846342525,1.0,0.0012999996059769395,,0.0013663241910061342,,0.0002062855835707931,,0.0,0.607751830372033,0.004860078915953636,0.5411387085914612
2026-09-02,4414.60009765625,4539.89990234375,0.027987712022117656,1.0,0.0012999996059769395,,0.0017118226955230864,,0.004112661266726049,,0.0,0.5736195283283847,0.004265525843948126,0.5423961281776428
2026-09-03,4539.89990234375,4476.60009765625,-0.01404111233007951,0.0,0.0010953375698846558,,0.0009640059169163941,,0.002325941316139823,,0.0,0.33470192056059705,0.0024918769486248493,0.5152301788330078
2026-09-04,4476.60009765625,4439.0,-0.008434725686314178,0.0,0.0010953375698846558,,0.0031183613064776987,,0.0018969521532620243,,0.0,0.7288785632690835,0.001515889191068709,0.518197774887085
2026-09-08,4439.0,4460.7001953125,0.004876622322419299,1.0,0.0010953375698846558,,0.0038116040918574315,,0.0009054383220668286,,0.0,0.8310034010642865,0.002192987594753504,0.5242722034454346
2026-09-09,4460.7001953125,4407.2998046875,-0.012043535427645233,0.0,0.0010953375698846558,,0.002321835423360718,,-0.002166462521645187,,0.0,0.7181683394208132,0.0022296772804111242,0.5270981192588806
2026-09-10,4407.2998046875,4408.89990234375,0.00036299034209558113,1.0,0.0010953375698846558,,0.0029355348262583812,,0.0012688275746840438,,0.0,0.7180872764312303,0.0022219400852918625,0.5229166150093079
2026-09-11,4408.89990234375,4351.89990234375,-0.013012694180211297,0.0,0.0010953375698846558,,0.0018718911094157218,,0.007700873554225224,,0.0,0.7701489714195415,0.0021983785554766655,0.5203526616096497
2026-09-14,4351.89990234375,4332.7998046875,-0.00439856969045683,0.0,0.0010953375698846558,,0.0020911415805514528,,0.010900701832937393,,0.0,0.8035143563108894,0.003205822082236409,0.5142715573310852
2026-09-15,4332.7998046875,4387.5,0.012545649573884569,1.0,0.0008972161323783385,,0.0016309071442161653,,0.004731624139665902,,0.0,0.7229731641972955,0.0033620521426200867,0.4973638951778412
2026-09-16,4387.5,4399.7001953125,0.0027768123817939784,1.0,0.0008972161323783385,,0.00010396025647494679,,-0.006348900172514503,,0.0,0.4080334737934244,0.003174516372382641,0.49100783467292786
2026-09-17,4399.7001953125,4424.89990234375,0.005711256090991798,1.0,0.0008972161323783385,,0.0001939148273108934,,0.004586891073692816,,0.0,0.6068346132664525,0.002676103264093399,0.48970916867256165
2026-09-18,4424.89990234375,4383.89990234375,-0.009308940374303529,0.0,0.0008972161323783385,,0.002281646376313505,,0.00852480600284635,,0.0,0.750879068368122,0.0017471137689426541,0.4931162893772125
